image_id,target_gt_index,target_class,variant,target_detected,musiq,sharpness,recall,patch_area_fraction,candidate_failure,musiq_gap
000000000404,0,boat,clean,True,75.0298843383789,1491.1568603515625,0.2,0.0,True,2.7688827514648438
000000000404,0,boat,background,True,74.39295959472656,1491.4425048828125,0.2,0.12183098591549296,True,2.7688827514648438
000000000404,0,boat,target,False,71.62407684326172,767.7007446289062,0.0,0.12183098591549296,True,2.7688827514648438
000000000030,1,vase,clean,True,72.425048828125,612.4815673828125,1.0,0.0,True,5.697303771972656
000000000030,1,vase,background,True,72.33345794677734,620.4638061523438,1.0,0.14442172897196262,True,5.697303771972656
000000000030,1,vase,target,False,66.63615417480469,427.1349182128906,0.0,0.14442172897196262,True,5.697303771972656
000000000542,4,person,clean,True,55.74388885498047,2024.319580078125,0.5294117647058824,0.0,True,0.89019775390625
000000000542,4,person,background,True,56.488075256347656,2023.6246337890625,0.5294117647058824,0.025322830578512395,True,0.89019775390625
000000000542,4,person,target,False,57.378273010253906,1900.0020751953125,0.5294117647058824,0.025322830578512395,True,0.89019775390625
000000000472,0,airplane,clean,True,54.03387451171875,168.46798706054688,1.0,0.0,True,0.7245903015136719
000000000472,0,airplane,background,True,53.80994415283203,168.45375061035156,1.0,0.023230088495575223,True,0.7245903015136719
000000000472,0,airplane,target,False,54.5345344543457,71.6407241821289,0.0,0.023230088495575223,True,0.7245903015136719
000000000294,2,microwave,clean,True,70.74800872802734,882.0767211914062,0.1,0.0,True,0.8453521728515625
000000000294,2,microwave,background,True,71.1160659790039,916.525146484375,0.1,0.06420155152224824,True,0.8453521728515625
000000000294,2,microwave,target,False,70.27071380615234,884.8803100585938,0.05,0.06420155152224824,True,0.8453521728515625
