image_id,image_name,corruption,severity,parameter,musiq,sharpness,n_gt,n_pred,tp,fp,fn,recall,precision,recall_clean,recall_drop,clean_tp,retained_tp,retention,actual_occlusion_fraction
000000000404,000000000404.jpg,clean,0,0.0,75.0298843383789,1491.1568603515625,5,1,1,0,4,0.2,1.0,0.2,0.0,1,1,1.0,0.0
000000000404,000000000404.jpg,blur,1,1.0,52.32017517089844,45.222652435302734,5,1,1,0,4,0.2,1.0,0.2,0.0,1,1,1.0,0.0
000000000404,000000000404.jpg,blur,2,2.0,27.131641387939453,4.507782936096191,5,1,1,0,4,0.2,1.0,0.2,0.0,1,1,1.0,0.0
000000000404,000000000404.jpg,blur,3,4.0,21.22570037841797,1.6297755241394043,5,1,1,0,4,0.2,1.0,0.2,0.0,1,1,1.0,0.0
000000000404,000000000404.jpg,noise,1,5.0,71.84700012207031,1711.3883056640625,5,1,1,0,4,0.2,1.0,0.2,0.0,1,1,1.0,0.0
000000000404,000000000404.jpg,noise,2,15.0,57.153785705566406,3442.829833984375,5,2,1,1,4,0.2,0.5,0.2,0.0,1,1,1.0,0.0
000000000404,000000000404.jpg,noise,3,30.0,45.287940979003906,9025.5390625,5,2,2,0,3,0.4,1.0,0.2,-0.2,1,1,1.0,0.0
000000000404,000000000404.jpg,occlusion,1,0.05,74.834716796875,1445.48681640625,5,2,2,0,3,0.4,1.0,0.2,-0.2,1,1,1.0,0.049827611502347414
000000000404,000000000404.jpg,occlusion,2,0.15,74.3265380859375,1114.8094482421875,5,1,1,0,4,0.2,1.0,0.2,0.0,1,1,1.0,0.1500880281690141
000000000404,000000000404.jpg,occlusion,3,0.3,73.35586547851562,695.9468994140625,5,2,0,2,5,0.0,0.0,0.2,0.2,1,0,0.0,0.2999669894366197
000000000030,000000000030.jpg,clean,0,0.0,72.425048828125,612.4815673828125,2,2,2,0,0,1.0,1.0,1.0,0.0,2,2,1.0,0.0
000000000030,000000000030.jpg,blur,1,1.0,55.23881149291992,27.518457412719727,2,2,2,0,0,1.0,1.0,1.0,0.0,2,2,1.0,0.0
000000000030,000000000030.jpg,blur,2,2.0,25.96881103515625,4.69066858291626,2,2,2,0,0,1.0,1.0,1.0,0.0,2,2,1.0,0.0
000000000030,000000000030.jpg,blur,3,4.0,14.069173812866211,2.059513807296753,2,0,0,0,2,0.0,0.0,1.0,1.0,2,0,0.0,0.0
000000000030,000000000030.jpg,noise,1,5.0,72.1114730834961,835.2520141601562,2,2,2,0,0,1.0,1.0,1.0,0.0,2,2,1.0,0.0
000000000030,000000000030.jpg,noise,2,15.0,61.45045471191406,2588.1796875,2,2,2,0,0,1.0,1.0,1.0,0.0,2,2,1.0,0.0
000000000030,000000000030.jpg,noise,3,30.0,49.739742279052734,8137.26611328125,2,2,2,0,0,1.0,1.0,1.0,0.0,2,2,1.0,0.0
000000000030,000000000030.jpg,occlusion,1,0.05,72.47207641601562,617.1441650390625,2,2,2,0,0,1.0,1.0,1.0,0.0,2,2,1.0,0.05011682242990654
000000000030,000000000030.jpg,occlusion,2,0.15,72.36371612548828,547.6571044921875,2,2,2,0,0,1.0,1.0,1.0,0.0,2,2,1.0,0.15029205607476637
000000000030,000000000030.jpg,occlusion,3,0.3,70.20553588867188,331.31927490234375,2,4,2,2,0,1.0,0.5,1.0,0.0,2,2,1.0,0.29984667056074765
000000000471,000000000471.jpg,clean,0,0.0,75.31842041015625,1258.9732666015625,2,1,1,0,1,0.5,1.0,0.5,0.0,1,1,1.0,0.0
000000000471,000000000471.jpg,blur,1,1.0,52.807621002197266,62.608985900878906,2,1,1,0,1,0.5,1.0,0.5,0.0,1,1,1.0,0.0
000000000471,000000000471.jpg,blur,2,2.0,22.645082473754883,7.859799385070801,2,1,1,0,1,0.5,1.0,0.5,0.0,1,1,1.0,0.0
000000000471,000000000471.jpg,blur,3,4.0,17.189613342285156,2.371084690093994,2,1,1,0,1,0.5,1.0,0.5,0.0,1,1,1.0,0.0
000000000471,000000000471.jpg,noise,1,5.0,75.30326080322266,1474.6212158203125,2,1,1,0,1,0.5,1.0,0.5,0.0,1,1,1.0,0.0
000000000471,000000000471.jpg,noise,2,15.0,62.63245391845703,3120.9794921875,2,1,1,0,1,0.5,1.0,0.5,0.0,1,1,1.0,0.0
000000000471,000000000471.jpg,noise,3,30.0,52.55150604248047,7991.17822265625,2,1,1,0,1,0.5,1.0,0.5,0.0,1,1,1.0,0.0
000000000471,000000000471.jpg,occlusion,1,0.05,75.56224060058594,1173.462158203125,2,1,1,0,1,0.5,1.0,0.5,0.0,1,1,1.0,0.049710919203747074
000000000471,000000000471.jpg,occlusion,2,0.15,71.40003204345703,1104.178955078125,2,1,1,0,1,0.5,1.0,0.5,0.0,1,1,1.0,0.14973653395784545
000000000471,000000000471.jpg,occlusion,3,0.3,68.27059936523438,822.8640747070312,2,1,1,0,1,0.5,1.0,0.5,0.0,1,1,1.0,0.300548887587822
000000000542,000000000542.jpg,clean,0,0.0,55.74388885498047,2024.319580078125,17,11,9,2,8,0.5294117647058824,0.8181818181818182,0.5294117647058824,0.0,9,9,1.0,0.0
000000000542,000000000542.jpg,blur,1,1.0,37.3963737487793,96.41223907470703,17,9,9,0,8,0.5294117647058824,1.0,0.5294117647058824,0.0,9,9,1.0,0.0
000000000542,000000000542.jpg,blur,2,2.0,20.75533676147461,10.82334041595459,17,11,9,2,8,0.5294117647058824,0.8181818181818182,0.5294117647058824,0.0,9,9,1.0,0.0
000000000542,000000000542.jpg,blur,3,4.0,16.50119400024414,2.188920497894287,17,4,3,1,14,0.17647058823529413,0.75,0.5294117647058824,0.3529411764705882,9,3,0.3333333333333333,0.0
000000000542,000000000542.jpg,noise,1,5.0,56.56542205810547,2231.707763671875,17,11,9,2,8,0.5294117647058824,0.8181818181818182,0.5294117647058824,0.0,9,9,1.0,0.0
000000000542,000000000542.jpg,noise,2,15.0,48.59545135498047,3682.418701171875,17,9,8,1,9,0.47058823529411764,0.8888888888888888,0.5294117647058824,0.05882352941176472,9,8,0.8888888888888888,0.0
000000000542,000000000542.jpg,noise,3,30.0,39.62348556518555,7825.53076171875,17,7,7,0,10,0.4117647058823529,1.0,0.5294117647058824,0.11764705882352944,9,7,0.7777777777777778,0.0
000000000542,000000000542.jpg,occlusion,1,0.05,56.82948303222656,1877.6844482421875,17,10,9,1,8,0.5294117647058824,0.9,0.5294117647058824,0.0,9,8,0.8888888888888888,0.049857954545454546
000000000542,000000000542.jpg,occlusion,2,0.15,56.00962829589844,1637.4705810546875,17,14,5,9,12,0.29411764705882354,0.35714285714285715,0.5294117647058824,0.23529411764705882,9,4,0.4444444444444444,0.1497159090909091
000000000542,000000000542.jpg,occlusion,3,0.3,53.04104995727539,1173.4393310546875,17,7,4,3,13,0.23529411764705882,0.5714285714285714,0.5294117647058824,0.29411764705882354,9,2,0.2222222222222222,0.3002808626033058
000000000459,000000000459.jpg,clean,0,0.0,75.71795654296875,352.2652587890625,2,2,2,0,0,1.0,1.0,1.0,0.0,2,2,1.0,0.0
000000000459,000000000459.jpg,blur,1,1.0,64.31767272949219,25.386810302734375,2,2,2,0,0,1.0,1.0,1.0,0.0,2,2,1.0,0.0
000000000459,000000000459.jpg,blur,2,2.0,41.66611099243164,4.701671600341797,2,2,2,0,0,1.0,1.0,1.0,0.0,2,2,1.0,0.0
000000000459,000000000459.jpg,blur,3,4.0,17.66014862060547,1.8041000366210938,2,2,2,0,0,1.0,1.0,1.0,0.0,2,2,1.0,0.0
000000000459,000000000459.jpg,noise,1,5.0,72.29443359375,575.2003173828125,2,2,2,0,0,1.0,1.0,1.0,0.0,2,2,1.0,0.0
000000000459,000000000459.jpg,noise,2,15.0,61.57582092285156,2234.811279296875,2,2,2,0,0,1.0,1.0,1.0,0.0,2,2,1.0,0.0
000000000459,000000000459.jpg,noise,3,30.0,50.55133819580078,7125.5908203125,2,2,2,0,0,1.0,1.0,1.0,0.0,2,2,1.0,0.0
000000000459,000000000459.jpg,occlusion,1,0.05,76.0085678100586,360.9733581542969,2,2,2,0,0,1.0,1.0,1.0,0.0,2,2,1.0,0.04979711724806202
000000000459,000000000459.jpg,occlusion,2,0.15,73.80908203125,325.2581787109375,2,2,2,0,0,1.0,1.0,1.0,0.0,2,2,1.0,0.1501937984496124
000000000459,000000000459.jpg,occlusion,3,0.3,72.1387710571289,260.28436279296875,2,2,2,0,0,1.0,1.0,1.0,0.0,2,2,1.0,0.3007903343023256
000000000036,000000000036.jpg,clean,0,0.0,75.55935668945312,2928.215576171875,2,2,2,0,0,1.0,1.0,1.0,0.0,2,2,1.0,0.0
000000000036,000000000036.jpg,blur,1,1.0,52.20301818847656,104.78074645996094,2,2,2,0,0,1.0,1.0,1.0,0.0,2,2,1.0,0.0
000000000036,000000000036.jpg,blur,2,2.0,28.606386184692383,9.860525131225586,2,2,2,0,0,1.0,1.0,1.0,0.0,2,2,1.0,0.0
000000000036,000000000036.jpg,blur,3,4.0,21.514507293701172,2.505080461502075,2,2,2,0,0,1.0,1.0,1.0,0.0,2,2,1.0,0.0
000000000036,000000000036.jpg,noise,1,5.0,73.79898834228516,3141.8583984375,2,2,2,0,0,1.0,1.0,1.0,0.0,2,2,1.0,0.0
000000000036,000000000036.jpg,noise,2,15.0,61.85530090332031,4855.63818359375,2,2,2,0,0,1.0,1.0,1.0,0.0,2,2,1.0,0.0
000000000036,000000000036.jpg,noise,3,30.0,51.711456298828125,10287.5693359375,2,2,2,0,0,1.0,1.0,1.0,0.0,2,2,1.0,0.0
000000000036,000000000036.jpg,occlusion,1,0.05,73.94340515136719,2520.327880859375,2,2,2,0,0,1.0,1.0,1.0,0.0,2,2,1.0,0.05016891891891892
000000000036,000000000036.jpg,occlusion,2,0.15,74.74373626708984,1796.3175048828125,2,2,2,0,0,1.0,1.0,1.0,0.0,2,2,1.0,0.14984407484407483
000000000036,000000000036.jpg,occlusion,3,0.3,73.49010467529297,1171.356689453125,2,3,1,2,1,0.5,0.3333333333333333,1.0,0.5,2,1,0.5,0.2998733108108108
000000000034,000000000034.jpg,clean,0,0.0,74.94074249267578,9348.6376953125,1,1,1,0,0,1.0,1.0,1.0,0.0,1,1,1.0,0.0
000000000034,000000000034.jpg,blur,1,1.0,62.970252990722656,248.010498046875,1,1,1,0,0,1.0,1.0,1.0,0.0,1,1,1.0,0.0
000000000034,000000000034.jpg,blur,2,2.0,29.833580017089844,24.368654251098633,1,1,1,0,0,1.0,1.0,1.0,0.0,1,1,1.0,0.0
000000000034,000000000034.jpg,blur,3,4.0,19.3415470123291,3.700286865234375,1,1,1,0,0,1.0,1.0,1.0,0.0,1,1,1.0,0.0
000000000034,000000000034.jpg,noise,1,5.0,74.84385681152344,9527.083984375,1,1,1,0,0,1.0,1.0,1.0,0.0,1,1,1.0,0.0
000000000034,000000000034.jpg,noise,2,15.0,72.87667083740234,11082.5087890625,1,1,1,0,0,1.0,1.0,1.0,0.0,1,1,1.0,0.0
000000000034,000000000034.jpg,noise,3,30.0,70.30519104003906,16149.44140625,1,1,1,0,0,1.0,1.0,1.0,0.0,1,1,1.0,0.0
000000000034,000000000034.jpg,occlusion,1,0.05,74.77228546142578,8888.7734375,1,1,1,0,0,1.0,1.0,1.0,0.0,1,1,1.0,0.04994485294117647
000000000034,000000000034.jpg,occlusion,2,0.15,73.64655303955078,7839.1474609375,1,1,1,0,0,1.0,1.0,1.0,0.0,1,1,1.0,0.15044117647058824
000000000034,000000000034.jpg,occlusion,3,0.3,74.35431671142578,6519.43994140625,1,2,0,2,1,0.0,0.0,1.0,1.0,1,0,0.0,0.3006727941176471
000000000472,000000000472.jpg,clean,0,0.0,54.03387451171875,168.46798706054688,1,1,1,0,0,1.0,1.0,1.0,0.0,1,1,1.0,0.0
000000000472,000000000472.jpg,blur,1,1.0,35.798667907714844,10.152433395385742,1,1,1,0,0,1.0,1.0,1.0,0.0,1,1,1.0,0.0
000000000472,000000000472.jpg,blur,2,2.0,19.953845977783203,2.004936456680298,1,1,1,0,0,1.0,1.0,1.0,0.0,1,1,1.0,0.0
000000000472,000000000472.jpg,blur,3,4.0,17.400283813476562,0.9565404057502747,1,0,0,0,1,0.0,0.0,1.0,1.0,1,0,0.0,0.0
000000000472,000000000472.jpg,noise,1,5.0,48.559513092041016,393.5655517578125,1,1,1,0,0,1.0,1.0,1.0,0.0,1,1,1.0,0.0
000000000472,000000000472.jpg,noise,2,15.0,45.34902572631836,2167.05615234375,1,1,1,0,0,1.0,1.0,1.0,0.0,1,1,1.0,0.0
000000000472,000000000472.jpg,noise,3,30.0,35.66701126098633,8032.1025390625,1,1,1,0,0,1.0,1.0,1.0,0.0,1,1,1.0,0.0
000000000472,000000000472.jpg,occlusion,1,0.05,53.5942497253418,195.0719451904297,1,1,1,0,0,1.0,1.0,1.0,0.0,1,1,1.0,0.05042173672566372
000000000472,000000000472.jpg,occlusion,2,0.15,54.195865631103516,163.11415100097656,1,1,1,0,0,1.0,1.0,1.0,0.0,1,1,1.0,0.1508849557522124
000000000472,000000000472.jpg,occlusion,3,0.3,50.365867614746094,134.54420471191406,1,1,1,0,0,1.0,1.0,1.0,0.0,1,1,1.0,0.300912610619469
000000000294,000000000294.jpg,clean,0,0.0,70.74800872802734,882.0767211914062,20,5,2,3,18,0.1,0.4,0.1,0.0,2,2,1.0,0.0
000000000294,000000000294.jpg,blur,1,1.0,55.52472686767578,44.13611602783203,20,3,2,1,18,0.1,0.6666666666666666,0.1,0.0,2,2,1.0,0.0
000000000294,000000000294.jpg,blur,2,2.0,24.825756072998047,5.677561283111572,20,3,2,1,18,0.1,0.6666666666666666,0.1,0.0,2,2,1.0,0.0
000000000294,000000000294.jpg,blur,3,4.0,15.591728210449219,1.8420301675796509,20,1,1,0,19,0.05,1.0,0.1,0.05,2,1,0.5,0.0
000000000294,000000000294.jpg,noise,1,5.0,68.22429656982422,1092.413330078125,20,4,2,2,18,0.1,0.5,0.1,0.0,2,2,1.0,0.0
000000000294,000000000294.jpg,noise,2,15.0,53.34100341796875,2576.78662109375,20,1,1,0,19,0.05,1.0,0.1,0.05,2,1,0.5,0.0
000000000294,000000000294.jpg,noise,3,30.0,41.599483489990234,6793.52978515625,20,1,1,0,19,0.05,1.0,0.1,0.05,2,1,0.5,0.0
000000000294,000000000294.jpg,occlusion,1,0.05,71.11418914794922,856.4798583984375,20,3,2,1,18,0.1,0.6666666666666666,0.1,0.0,2,2,1.0,0.049710919203747074
000000000294,000000000294.jpg,occlusion,2,0.15,68.93315887451172,767.18408203125,20,4,2,2,18,0.1,0.5,0.1,0.0,2,2,1.0,0.14973653395784545
000000000294,000000000294.jpg,occlusion,3,0.3,65.10356903076172,521.1393432617188,20,9,2,7,18,0.1,0.2222222222222222,0.1,0.0,2,1,0.5,0.300548887587822
000000000009,000000000009.jpg,clean,0,0.0,72.2832260131836,1712.80419921875,8,6,4,2,4,0.5,0.6666666666666666,0.5,0.0,4,4,1.0,0.0
000000000009,000000000009.jpg,blur,1,1.0,52.19352340698242,70.46821594238281,8,7,4,3,4,0.5,0.5714285714285714,0.5,0.0,4,4,1.0,0.0
000000000009,000000000009.jpg,blur,2,2.0,33.79280471801758,9.527161598205566,8,6,4,2,4,0.5,0.6666666666666666,0.5,0.0,4,4,1.0,0.0
000000000009,000000000009.jpg,blur,3,4.0,22.722991943359375,2.916764259338379,8,4,4,0,4,0.5,1.0,0.5,0.0,4,4,1.0,0.0
000000000009,000000000009.jpg,noise,1,5.0,71.87836456298828,1908.818359375,8,7,4,3,4,0.5,0.5714285714285714,0.5,0.0,4,4,1.0,0.0
000000000009,000000000009.jpg,noise,2,15.0,62.54998779296875,3427.085205078125,8,4,4,0,4,0.5,1.0,0.5,0.0,4,4,1.0,0.0
000000000009,000000000009.jpg,noise,3,30.0,50.94833755493164,8036.2724609375,8,4,3,1,5,0.375,0.75,0.5,0.125,4,3,0.75,0.0
000000000009,000000000009.jpg,occlusion,1,0.05,73.01599884033203,1626.849609375,8,6,4,2,4,0.5,0.6666666666666666,0.5,0.0,4,4,1.0,0.04980794270833333
000000000009,000000000009.jpg,occlusion,2,0.15,70.2526626586914,1179.981201171875,8,8,2,6,6,0.25,0.25,0.5,0.25,4,2,0.5,0.15015625
000000000009,000000000009.jpg,occlusion,3,0.3,64.82709503173828,554.012939453125,8,7,2,5,6,0.25,0.2857142857142857,0.5,0.25,4,2,0.5,0.300498046875
000000000196,000000000196.jpg,clean,0,0.0,76.2618637084961,2208.54638671875,42,29,19,10,23,0.4523809523809524,0.6551724137931034,0.4523809523809524,0.0,19,19,1.0,0.0
000000000196,000000000196.jpg,blur,1,1.0,57.52946472167969,101.98883056640625,42,24,16,8,26,0.38095238095238093,0.6666666666666666,0.4523809523809524,0.07142857142857145,19,15,0.7894736842105263,0.0
000000000196,000000000196.jpg,blur,2,2.0,35.18644714355469,11.638561248779297,42,17,11,6,31,0.2619047619047619,0.6470588235294118,0.4523809523809524,0.19047619047619047,19,11,0.5789473684210527,0.0
000000000196,000000000196.jpg,blur,3,4.0,20.950241088867188,2.7982161045074463,42,9,7,2,35,0.16666666666666666,0.7777777777777778,0.4523809523809524,0.2857142857142857,19,7,0.3684210526315789,0.0
000000000196,000000000196.jpg,noise,1,5.0,74.70006561279297,2414.257080078125,42,27,18,9,24,0.42857142857142855,0.6666666666666666,0.4523809523809524,0.023809523809523836,19,18,0.9473684210526315,0.0
000000000196,000000000196.jpg,noise,2,15.0,64.3332748413086,4046.524169921875,42,16,13,3,29,0.30952380952380953,0.8125,0.4523809523809524,0.14285714285714285,19,13,0.6842105263157895,0.0
000000000196,000000000196.jpg,noise,3,30.0,50.08619689941406,9246.1015625,42,7,7,0,35,0.16666666666666666,1.0,0.4523809523809524,0.2857142857142857,19,7,0.3684210526315789,0.0
000000000196,000000000196.jpg,occlusion,1,0.05,76.03736114501953,2086.31689453125,42,26,19,7,23,0.4523809523809524,0.7307692307692307,0.4523809523809524,0.0,19,18,0.9473684210526315,0.04980794270833333
000000000196,000000000196.jpg,occlusion,2,0.15,75.52581024169922,1842.8572998046875,42,28,19,9,23,0.4523809523809524,0.6785714285714286,0.4523809523809524,0.0,19,18,0.9473684210526315,0.15015625
000000000196,000000000196.jpg,occlusion,3,0.3,74.17304992675781,1509.920654296875,42,19,12,7,30,0.2857142857142857,0.631578947368421,0.4523809523809524,0.16666666666666669,19,11,0.5789473684210527,0.300498046875
000000000636,000000000636.jpg,clean,0,0.0,72.25460052490234,961.8427124023438,1,1,1,0,0,1.0,1.0,1.0,0.0,1,1,1.0,0.0
000000000636,000000000636.jpg,blur,1,1.0,59.554725646972656,42.59852981567383,1,1,1,0,0,1.0,1.0,1.0,0.0,1,1,1.0,0.0
000000000636,000000000636.jpg,blur,2,2.0,39.1558723449707,5.517259120941162,1,1,1,0,0,1.0,1.0,1.0,0.0,1,1,1.0,0.0
000000000636,000000000636.jpg,blur,3,4.0,24.544527053833008,1.9994010925292969,1,2,1,1,0,1.0,0.5,1.0,0.0,1,1,1.0,0.0
000000000636,000000000636.jpg,noise,1,5.0,69.24136352539062,1181.099609375,1,1,1,0,0,1.0,1.0,1.0,0.0,1,1,1.0,0.0
000000000636,000000000636.jpg,noise,2,15.0,57.35826873779297,2875.493408203125,1,1,1,0,0,1.0,1.0,1.0,0.0,1,1,1.0,0.0
000000000636,000000000636.jpg,noise,3,30.0,44.8097038269043,8310.1162109375,1,1,0,1,1,0.0,0.0,1.0,1.0,1,0,0.0,0.0
000000000636,000000000636.jpg,occlusion,1,0.05,71.16568756103516,928.4068603515625,1,1,1,0,0,1.0,1.0,1.0,0.0,1,1,1.0,0.04980794270833333
000000000636,000000000636.jpg,occlusion,2,0.15,68.95594024658203,674.9408569335938,1,2,1,1,0,1.0,0.5,1.0,0.0,1,1,1.0,0.15015625
000000000636,000000000636.jpg,occlusion,3,0.3,68.81928253173828,376.69189453125,1,2,1,1,0,1.0,0.5,1.0,0.0,1,1,1.0,0.300498046875
000000000531,000000000531.jpg,clean,0,0.0,68.63070678710938,1486.1837158203125,15,10,8,2,7,0.5333333333333333,0.8,0.5333333333333333,0.0,8,8,1.0,0.0
000000000531,000000000531.jpg,blur,1,1.0,46.98538589477539,44.84377670288086,15,9,7,2,8,0.4666666666666667,0.7777777777777778,0.5333333333333333,0.06666666666666665,8,7,0.875,0.0
000000000531,000000000531.jpg,blur,2,2.0,28.33902931213379,4.273261547088623,15,3,2,1,13,0.13333333333333333,0.6666666666666666,0.5333333333333333,0.4,8,2,0.25,0.0
000000000531,000000000531.jpg,blur,3,4.0,18.809185028076172,1.6465364694595337,15,3,2,1,13,0.13333333333333333,0.6666666666666666,0.5333333333333333,0.4,8,2,0.25,0.0
000000000531,000000000531.jpg,noise,1,5.0,64.30142211914062,1705.11328125,15,9,8,1,7,0.5333333333333333,0.8888888888888888,0.5333333333333333,0.0,8,8,1.0,0.0
000000000531,000000000531.jpg,noise,2,15.0,52.89332580566406,3446.1875,15,8,7,1,8,0.4666666666666667,0.875,0.5333333333333333,0.06666666666666665,8,7,0.875,0.0
000000000531,000000000531.jpg,noise,3,30.0,47.830936431884766,8961.087890625,15,5,3,2,12,0.2,0.6,0.5333333333333333,0.3333333333333333,8,3,0.375,0.0
000000000531,000000000531.jpg,occlusion,1,0.05,69.4298324584961,1230.4991455078125,15,8,6,2,9,0.4,0.75,0.5333333333333333,0.1333333333333333,8,6,0.75,0.04980794270833333
000000000531,000000000531.jpg,occlusion,2,0.15,63.524845123291016,920.02978515625,15,7,4,3,11,0.26666666666666666,0.5714285714285714,0.5333333333333333,0.26666666666666666,8,4,0.5,0.15015625
000000000531,000000000531.jpg,occlusion,3,0.3,55.416221618652344,572.201904296875,15,5,3,2,12,0.2,0.6,0.5333333333333333,0.3333333333333333,8,3,0.375,0.300498046875
000000000357,000000000357.jpg,clean,0,0.0,63.81166458129883,1765.967529296875,17,8,8,0,9,0.47058823529411764,1.0,0.47058823529411764,0.0,8,8,1.0,0.0
000000000357,000000000357.jpg,blur,1,1.0,31.894845962524414,68.8821792602539,17,8,8,0,9,0.47058823529411764,1.0,0.47058823529411764,0.0,8,8,1.0,0.0
000000000357,000000000357.jpg,blur,2,2.0,24.37660026550293,7.265452861785889,17,7,6,1,11,0.35294117647058826,0.8571428571428571,0.47058823529411764,0.11764705882352938,8,6,0.75,0.0
000000000357,000000000357.jpg,blur,3,4.0,19.58896827697754,2.0641915798187256,17,5,5,0,12,0.29411764705882354,1.0,0.47058823529411764,0.1764705882352941,8,5,0.625,0.0
000000000357,000000000357.jpg,noise,1,5.0,61.48650360107422,1978.234375,17,8,8,0,9,0.47058823529411764,1.0,0.47058823529411764,0.0,8,8,1.0,0.0
000000000357,000000000357.jpg,noise,2,15.0,54.26613235473633,3691.2265625,17,7,7,0,10,0.4117647058823529,1.0,0.47058823529411764,0.05882352941176472,8,7,0.875,0.0
000000000357,000000000357.jpg,noise,3,30.0,47.925167083740234,9382.146484375,17,8,7,1,10,0.4117647058823529,0.875,0.47058823529411764,0.05882352941176472,8,7,0.875,0.0
000000000357,000000000357.jpg,occlusion,1,0.05,62.05173873901367,1742.4527587890625,17,8,8,0,9,0.47058823529411764,1.0,0.47058823529411764,0.0,8,8,1.0,0.05022219036697248
000000000357,000000000357.jpg,occlusion,2,0.15,59.827632904052734,1643.4705810546875,17,8,6,2,11,0.35294117647058826,0.75,0.47058823529411764,0.11764705882352938,8,6,0.75,0.14931192660550457
000000000357,000000000357.jpg,occlusion,3,0.3,56.61207962036133,1459.5113525390625,17,4,4,0,13,0.23529411764705882,1.0,0.47058823529411764,0.23529411764705882,8,4,0.5,0.29937643348623855
000000000109,000000000109.jpg,clean,0,0.0,75.77012634277344,3627.878173828125,8,9,4,5,4,0.5,0.4444444444444444,0.5,0.0,4,4,1.0,0.0
000000000109,000000000109.jpg,blur,1,1.0,43.36259841918945,80.65076446533203,8,7,2,5,6,0.25,0.2857142857142857,0.5,0.25,4,2,0.5,0.0
000000000109,000000000109.jpg,blur,2,2.0,18.62548065185547,6.875255584716797,8,8,2,6,6,0.25,0.25,0.5,0.25,4,2,0.5,0.0
000000000109,000000000109.jpg,blur,3,4.0,16.258869171142578,2.1015701293945312,8,3,1,2,7,0.125,0.3333333333333333,0.5,0.375,4,1,0.25,0.0
000000000109,000000000109.jpg,noise,1,5.0,74.50735473632812,3835.7080078125,8,8,3,5,5,0.375,0.375,0.5,0.125,4,3,0.75,0.0
000000000109,000000000109.jpg,noise,2,15.0,63.91362762451172,5481.697265625,8,3,2,1,6,0.25,0.6666666666666666,0.5,0.25,4,2,0.5,0.0
000000000109,000000000109.jpg,noise,3,30.0,50.13396453857422,10626.564453125,8,3,2,1,6,0.25,0.6666666666666666,0.5,0.25,4,2,0.5,0.0
000000000109,000000000109.jpg,occlusion,1,0.05,75.51768493652344,3375.250244140625,8,8,3,5,5,0.375,0.375,0.5,0.125,4,3,0.75,0.049951171875
000000000109,000000000109.jpg,occlusion,2,0.15,74.7321548461914,2946.66552734375,8,8,3,5,5,0.375,0.375,0.5,0.125,4,3,0.75,0.1499699519230769
000000000109,000000000109.jpg,occlusion,3,0.3,74.18152618408203,2178.2333984375,8,8,2,6,6,0.25,0.25,0.5,0.25,4,2,0.5,0.3005859375
000000000629,000000000629.jpg,clean,0,0.0,68.7818603515625,5297.14599609375,1,1,1,0,0,1.0,1.0,1.0,0.0,1,1,1.0,0.0
000000000629,000000000629.jpg,blur,1,1.0,36.78021240234375,152.69625854492188,1,1,1,0,0,1.0,1.0,1.0,0.0,1,1,1.0,0.0
000000000629,000000000629.jpg,blur,2,2.0,17.34496307373047,13.184609413146973,1,1,1,0,0,1.0,1.0,1.0,0.0,1,1,1.0,0.0
000000000629,000000000629.jpg,blur,3,4.0,13.845307350158691,2.703198194503784,1,1,1,0,0,1.0,1.0,1.0,0.0,1,1,1.0,0.0
000000000629,000000000629.jpg,noise,1,5.0,64.86052703857422,5495.44677734375,1,1,1,0,0,1.0,1.0,1.0,0.0,1,1,1.0,0.0
000000000629,000000000629.jpg,noise,2,15.0,55.40633010864258,7084.48876953125,1,1,1,0,0,1.0,1.0,1.0,0.0,1,1,1.0,0.0
000000000629,000000000629.jpg,noise,3,30.0,48.26933288574219,12083.5068359375,1,1,1,0,0,1.0,1.0,1.0,0.0,1,1,1.0,0.0
000000000629,000000000629.jpg,occlusion,1,0.05,68.7348861694336,5103.876953125,1,1,1,0,0,1.0,1.0,1.0,0.0,1,1,1.0,0.049710919203747074
000000000629,000000000629.jpg,occlusion,2,0.15,66.32858276367188,4659.89208984375,1,1,0,1,1,0.0,0.0,1.0,1.0,1,0,0.0,0.14973653395784545
000000000629,000000000629.jpg,occlusion,3,0.3,62.549278259277344,4093.17236328125,1,1,0,1,1,0.0,0.0,1.0,1.0,1,0,0.0,0.300548887587822
000000000133,000000000133.jpg,clean,0,0.0,74.07634735107422,572.3607177734375,2,2,1,1,1,0.5,0.5,0.5,0.0,1,1,1.0,0.0
000000000133,000000000133.jpg,blur,1,1.0,48.24055480957031,38.70325469970703,2,1,1,0,1,0.5,1.0,0.5,0.0,1,1,1.0,0.0
000000000133,000000000133.jpg,blur,2,2.0,24.595199584960938,5.56026029586792,2,2,0,2,2,0.0,0.0,0.5,0.5,1,0,0.0,0.0
000000000133,000000000133.jpg,blur,3,4.0,13.547353744506836,2.017200469970703,2,1,0,1,2,0.0,0.0,0.5,0.5,1,0,0.0,0.0
000000000133,000000000133.jpg,noise,1,5.0,66.86664581298828,794.918701171875,2,1,1,0,1,0.5,1.0,0.5,0.0,1,1,1.0,0.0
000000000133,000000000133.jpg,noise,2,15.0,54.03504943847656,2552.72705078125,2,0,0,0,2,0.0,0.0,0.5,0.5,1,0,0.0,0.0
000000000133,000000000133.jpg,noise,3,30.0,43.747520446777344,8317.2802734375,2,0,0,0,2,0.0,0.0,0.5,0.5,1,0,0.0,0.0
000000000133,000000000133.jpg,occlusion,1,0.05,73.18897247314453,517.1826782226562,2,2,1,1,1,0.5,0.5,0.5,0.0,1,1,1.0,0.04980794270833333
000000000133,000000000133.jpg,occlusion,2,0.15,71.91908264160156,461.5730285644531,2,2,1,1,1,0.5,0.5,0.5,0.0,1,1,1.0,0.15015625
000000000133,000000000133.jpg,occlusion,3,0.3,67.28226470947266,389.5698547363281,2,3,1,2,1,0.5,0.3333333333333333,0.5,0.0,1,1,1.0,0.300498046875
000000000560,000000000560.jpg,clean,0,0.0,75.03800201416016,4165.322265625,5,2,2,0,3,0.4,1.0,0.4,0.0,2,2,1.0,0.0
000000000560,000000000560.jpg,blur,1,1.0,47.439598083496094,130.53318786621094,5,3,2,1,3,0.4,0.6666666666666666,0.4,0.0,2,2,1.0,0.0
000000000560,000000000560.jpg,blur,2,2.0,19.142728805541992,15.386747360229492,5,3,2,1,3,0.4,0.6666666666666666,0.4,0.0,2,2,1.0,0.0
000000000560,000000000560.jpg,blur,3,4.0,15.179407119750977,3.017962694168091,5,2,1,1,4,0.2,0.5,0.4,0.2,2,1,0.5,0.0
000000000560,000000000560.jpg,noise,1,5.0,73.87850952148438,4370.0595703125,5,2,2,0,3,0.4,1.0,0.4,0.0,2,2,1.0,0.0
000000000560,000000000560.jpg,noise,2,15.0,64.7473373413086,6032.3857421875,5,3,2,1,3,0.4,0.6666666666666666,0.4,0.0,2,2,1.0,0.0
000000000560,000000000560.jpg,noise,3,30.0,55.4643440246582,11299.2109375,5,2,1,1,4,0.2,0.5,0.4,0.2,2,1,0.5,0.0
000000000560,000000000560.jpg,occlusion,1,0.05,74.34823608398438,4083.723876953125,5,4,2,2,3,0.4,0.5,0.4,0.0,2,2,1.0,0.05023690078037904
000000000560,000000000560.jpg,occlusion,2,0.15,74.54261779785156,3754.9833984375,5,3,0,3,5,0.0,0.0,0.4,0.4,2,0,0.0,0.15006967670011148
000000000560,000000000560.jpg,occlusion,3,0.3,71.7154312133789,3341.375732421875,5,0,0,0,5,0.0,0.0,0.4,0.4,2,0,0.0,0.3002508361204013
000000000612,000000000612.jpg,clean,0,0.0,73.77262878417969,4410.45654296875,11,4,2,2,9,0.18181818181818182,0.5,0.18181818181818182,0.0,2,2,1.0,0.0
000000000612,000000000612.jpg,blur,1,1.0,56.359214782714844,112.2729263305664,11,7,6,1,5,0.5454545454545454,0.8571428571428571,0.18181818181818182,-0.3636363636363636,2,2,1.0,0.0
000000000612,000000000612.jpg,blur,2,2.0,33.72756576538086,11.196008682250977,11,3,3,0,8,0.2727272727272727,1.0,0.18181818181818182,-0.09090909090909088,2,1,0.5,0.0
000000000612,000000000612.jpg,blur,3,4.0,16.34466552734375,2.850963592529297,11,1,1,0,10,0.09090909090909091,1.0,0.18181818181818182,0.09090909090909091,2,0,0.0,0.0
000000000612,000000000612.jpg,noise,1,5.0,71.09320831298828,4591.21923828125,11,5,4,1,7,0.36363636363636365,0.8,0.18181818181818182,-0.18181818181818182,2,2,1.0,0.0
000000000612,000000000612.jpg,noise,2,15.0,61.955177307128906,6051.1064453125,11,4,4,0,7,0.36363636363636365,1.0,0.18181818181818182,-0.18181818181818182,2,2,1.0,0.0
000000000612,000000000612.jpg,noise,3,30.0,53.15951156616211,10619.5546875,11,1,0,1,11,0.0,0.0,0.18181818181818182,0.18181818181818182,2,0,0.0,0.0
000000000612,000000000612.jpg,occlusion,1,0.05,73.75958251953125,4310.357421875,11,5,3,2,8,0.2727272727272727,0.6,0.18181818181818182,-0.09090909090909088,2,2,1.0,0.04980794270833333
000000000612,000000000612.jpg,occlusion,2,0.15,72.6142349243164,3509.533447265625,11,5,2,3,9,0.18181818181818182,0.4,0.18181818181818182,0.0,2,1,0.5,0.15015625
000000000612,000000000612.jpg,occlusion,3,0.3,72.75264739990234,2420.05517578125,11,5,1,4,10,0.09090909090909091,0.2,0.18181818181818182,0.09090909090909091,2,1,0.5,0.300498046875
000000000143,000000000143.jpg,clean,0,0.0,48.06779098510742,214.8238067626953,8,8,8,0,0,1.0,1.0,1.0,0.0,8,8,1.0,0.0
000000000143,000000000143.jpg,blur,1,1.0,35.82820129394531,37.30598068237305,8,8,8,0,0,1.0,1.0,1.0,0.0,8,8,1.0,0.0
000000000143,000000000143.jpg,blur,2,2.0,20.338443756103516,7.681560039520264,8,6,4,2,4,0.5,0.6666666666666666,1.0,0.5,8,4,0.5,0.0
000000000143,000000000143.jpg,blur,3,4.0,15.04090690612793,1.8832999467849731,8,0,0,0,8,0.0,0.0,1.0,1.0,8,0,0.0,0.0
000000000143,000000000143.jpg,noise,1,5.0,48.80714416503906,434.8460693359375,8,8,8,0,0,1.0,1.0,1.0,0.0,8,8,1.0,0.0
000000000143,000000000143.jpg,noise,2,15.0,39.77690124511719,1809.076904296875,8,5,4,1,4,0.5,0.8,1.0,0.5,8,4,0.5,0.0
000000000143,000000000143.jpg,noise,3,30.0,30.41366958618164,5672.71875,8,3,0,3,8,0.0,0.0,1.0,1.0,8,0,0.0,0.0
000000000143,000000000143.jpg,occlusion,1,0.05,50.06604766845703,229.5768585205078,8,9,8,1,0,1.0,0.8888888888888888,1.0,0.0,8,8,1.0,0.050026666666666664
000000000143,000000000143.jpg,occlusion,2,0.15,48.570098876953125,227.48162841796875,8,7,5,2,3,0.625,0.7142857142857143,1.0,0.375,8,5,0.625,0.15002666666666667
000000000143,000000000143.jpg,occlusion,3,0.3,50.063743591308594,247.28378295898438,8,5,5,0,3,0.625,1.0,1.0,0.375,8,5,0.625,0.3004866666666667
000000000514,000000000514.jpg,clean,0,0.0,62.52172088623047,180.1806640625,1,2,1,1,0,1.0,0.5,1.0,0.0,1,1,1.0,0.0
000000000514,000000000514.jpg,blur,1,1.0,48.2769889831543,19.68375015258789,1,2,1,1,0,1.0,0.5,1.0,0.0,1,1,1.0,0.0
000000000514,000000000514.jpg,blur,2,2.0,25.533756256103516,4.560199737548828,1,2,1,1,0,1.0,0.5,1.0,0.0,1,1,1.0,0.0
000000000514,000000000514.jpg,blur,3,4.0,17.58298110961914,2.045980930328369,1,0,0,0,1,0.0,0.0,1.0,1.0,1,0,0.0,0.0
000000000514,000000000514.jpg,noise,1,5.0,54.944129943847656,404.72509765625,1,2,1,1,0,1.0,0.5,1.0,0.0,1,1,1.0,0.0
000000000514,000000000514.jpg,noise,2,15.0,36.65956497192383,2112.0439453125,1,2,1,1,0,1.0,0.5,1.0,0.0,1,1,1.0,0.0
000000000514,000000000514.jpg,noise,3,30.0,24.883235931396484,7293.3359375,1,0,0,0,1,0.0,0.0,1.0,1.0,1,0,0.0,0.0
000000000514,000000000514.jpg,occlusion,1,0.05,60.54743194580078,192.20132446289062,1,1,0,1,1,0.0,0.0,1.0,1.0,1,0,0.0,0.049652777777777775
000000000514,000000000514.jpg,occlusion,2,0.15,60.32048797607422,200.9989776611328,1,0,0,0,1,0.0,0.0,1.0,1.0,1,0,0.0,0.14961805555555555
000000000514,000000000514.jpg,occlusion,3,0.3,59.010902404785156,194.00677490234375,1,0,0,0,1,0.0,0.0,1.0,1.0,1,0,0.0,0.3001171875
000000000312,000000000312.jpg,clean,0,0.0,72.75346374511719,10839.8232421875,6,6,5,1,1,0.8333333333333334,0.8333333333333334,0.8333333333333334,0.0,5,5,1.0,0.0
000000000312,000000000312.jpg,blur,1,1.0,53.02839660644531,248.67420959472656,6,6,5,1,1,0.8333333333333334,0.8333333333333334,0.8333333333333334,0.0,5,5,1.0,0.0
000000000312,000000000312.jpg,blur,2,2.0,21.110641479492188,15.258767127990723,6,5,5,0,1,0.8333333333333334,1.0,0.8333333333333334,0.0,5,5,1.0,0.0
000000000312,000000000312.jpg,blur,3,4.0,15.442745208740234,2.535977840423584,6,5,5,0,1,0.8333333333333334,1.0,0.8333333333333334,0.0,5,5,1.0,0.0
000000000312,000000000312.jpg,noise,1,5.0,71.6036376953125,11032.0322265625,6,6,5,1,1,0.8333333333333334,0.8333333333333334,0.8333333333333334,0.0,5,5,1.0,0.0
000000000312,000000000312.jpg,noise,2,15.0,63.20347595214844,12578.6728515625,6,5,5,0,1,0.8333333333333334,1.0,0.8333333333333334,0.0,5,5,1.0,0.0
000000000312,000000000312.jpg,noise,3,30.0,49.533809661865234,17320.31640625,6,5,5,0,1,0.8333333333333334,1.0,0.8333333333333334,0.0,5,5,1.0,0.0
000000000312,000000000312.jpg,occlusion,1,0.05,73.28665924072266,9960.84375,6,5,5,0,1,0.8333333333333334,1.0,0.8333333333333334,0.0,5,5,1.0,0.049710919203747074
000000000312,000000000312.jpg,occlusion,2,0.15,73.03780364990234,8518.177734375,6,6,4,2,2,0.6666666666666666,0.6666666666666666,0.8333333333333334,0.16666666666666674,5,4,0.8,0.14973653395784545
000000000312,000000000312.jpg,occlusion,3,0.3,73.3529281616211,6654.22509765625,6,5,3,2,3,0.5,0.6,0.8333333333333334,0.33333333333333337,5,3,0.6,0.300548887587822
000000000395,000000000395.jpg,clean,0,0.0,76.13619232177734,593.04345703125,13,6,5,1,8,0.38461538461538464,0.8333333333333334,0.38461538461538464,0.0,5,5,1.0,0.0
000000000395,000000000395.jpg,blur,1,1.0,62.824913024902344,24.157176971435547,13,7,6,1,7,0.46153846153846156,0.8571428571428571,0.38461538461538464,-0.07692307692307693,5,5,1.0,0.0
000000000395,000000000395.jpg,blur,2,2.0,39.55004119873047,5.596029281616211,13,6,5,1,8,0.38461538461538464,0.8333333333333334,0.38461538461538464,0.0,5,4,0.8,0.0
000000000395,000000000395.jpg,blur,3,4.0,15.081199645996094,2.6185667514801025,13,6,5,1,8,0.38461538461538464,0.8333333333333334,0.38461538461538464,0.0,5,4,0.8,0.0
000000000395,000000000395.jpg,noise,1,5.0,74.91587829589844,800.7732543945312,13,7,5,2,8,0.38461538461538464,0.7142857142857143,0.38461538461538464,0.0,5,5,1.0,0.0
000000000395,000000000395.jpg,noise,2,15.0,66.22162628173828,2388.17431640625,13,5,4,1,9,0.3076923076923077,0.8,0.38461538461538464,0.07692307692307693,5,4,0.8,0.0
000000000395,000000000395.jpg,noise,3,30.0,56.45024108886719,7280.0498046875,13,5,4,1,9,0.3076923076923077,0.8,0.38461538461538464,0.07692307692307693,5,4,0.8,0.0
000000000395,000000000395.jpg,occlusion,1,0.05,75.90367889404297,595.9930419921875,13,6,5,1,8,0.38461538461538464,0.8333333333333334,0.38461538461538464,0.0,5,5,1.0,0.05008081896551724
000000000395,000000000395.jpg,occlusion,2,0.15,76.06343078613281,539.0182495117188,13,6,5,1,8,0.38461538461538464,0.8333333333333334,0.38461538461538464,0.0,5,4,0.8,0.15032327586206898
000000000395,000000000395.jpg,occlusion,3,0.3,72.7370834350586,434.7247314453125,13,6,3,3,10,0.23076923076923078,0.5,0.38461538461538464,0.15384615384615385,5,3,0.6,0.3006950431034483
000000000626,000000000626.jpg,clean,0,0.0,67.6961898803711,684.4838256835938,2,2,2,0,0,1.0,1.0,1.0,0.0,2,2,1.0,0.0
000000000626,000000000626.jpg,blur,1,1.0,44.37415313720703,33.45698547363281,2,2,2,0,0,1.0,1.0,1.0,0.0,2,2,1.0,0.0
000000000626,000000000626.jpg,blur,2,2.0,19.855146408081055,3.9943814277648926,2,2,2,0,0,1.0,1.0,1.0,0.0,2,2,1.0,0.0
000000000626,000000000626.jpg,blur,3,4.0,14.288398742675781,1.6590559482574463,2,2,2,0,0,1.0,1.0,1.0,0.0,2,2,1.0,0.0
000000000626,000000000626.jpg,noise,1,5.0,63.72942352294922,908.8656005859375,2,2,2,0,0,1.0,1.0,1.0,0.0,2,2,1.0,0.0
000000000626,000000000626.jpg,noise,2,15.0,49.58293914794922,2550.8271484375,2,2,2,0,0,1.0,1.0,1.0,0.0,2,2,1.0,0.0
000000000626,000000000626.jpg,noise,3,30.0,35.94657516479492,7012.11767578125,2,1,1,0,1,0.5,1.0,1.0,0.5,2,1,0.5,0.0
000000000626,000000000626.jpg,occlusion,1,0.05,67.37670135498047,688.84375,2,2,2,0,0,1.0,1.0,1.0,0.0,2,2,1.0,0.04980794270833333
000000000626,000000000626.jpg,occlusion,2,0.15,68.45906066894531,687.0345458984375,2,2,2,0,0,1.0,1.0,1.0,0.0,2,2,1.0,0.15015625
000000000626,000000000626.jpg,occlusion,3,0.3,68.95162200927734,659.1889038085938,2,2,2,0,0,1.0,1.0,1.0,0.0,2,2,1.0,0.300498046875
000000000136,000000000136.jpg,clean,0,0.0,68.9635238647461,895.583740234375,4,4,4,0,0,1.0,1.0,1.0,0.0,4,4,1.0,0.0
000000000136,000000000136.jpg,blur,1,1.0,47.89266586303711,60.325584411621094,4,4,4,0,0,1.0,1.0,1.0,0.0,4,4,1.0,0.0
000000000136,000000000136.jpg,blur,2,2.0,21.546344757080078,7.894652366638184,4,4,4,0,0,1.0,1.0,1.0,0.0,4,4,1.0,0.0
000000000136,000000000136.jpg,blur,3,4.0,15.319467544555664,2.3375935554504395,4,3,2,1,2,0.5,0.6666666666666666,1.0,0.5,4,2,0.5,0.0
000000000136,000000000136.jpg,noise,1,5.0,66.17308044433594,1119.3253173828125,4,4,4,0,0,1.0,1.0,1.0,0.0,4,4,1.0,0.0
000000000136,000000000136.jpg,noise,2,15.0,54.983619689941406,2852.987548828125,4,4,4,0,0,1.0,1.0,1.0,0.0,4,4,1.0,0.0
000000000136,000000000136.jpg,noise,3,30.0,42.62305450439453,8242.146484375,4,3,2,1,2,0.5,0.6666666666666666,1.0,0.5,4,2,0.5,0.0
000000000136,000000000136.jpg,occlusion,1,0.05,67.86878967285156,851.6926879882812,4,4,4,0,0,1.0,1.0,1.0,0.0,4,4,1.0,0.050310160427807483
000000000136,000000000136.jpg,occlusion,2,0.15,66.56934356689453,806.3785400390625,4,4,4,0,0,1.0,1.0,1.0,0.0,4,4,1.0,0.150427807486631
000000000136,000000000136.jpg,occlusion,3,0.3,64.39452362060547,678.1402587890625,4,3,3,0,1,0.75,1.0,1.0,0.25,4,3,0.75,0.3003743315508021
000000000510,000000000510.jpg,clean,0,0.0,71.1341323852539,3862.9970703125,3,2,2,0,1,0.6666666666666666,1.0,0.6666666666666666,0.0,2,2,1.0,0.0
000000000510,000000000510.jpg,blur,1,1.0,49.888153076171875,155.26173400878906,3,2,2,0,1,0.6666666666666666,1.0,0.6666666666666666,0.0,2,2,1.0,0.0
000000000510,000000000510.jpg,blur,2,2.0,17.781909942626953,14.519830703735352,3,2,2,0,1,0.6666666666666666,1.0,0.6666666666666666,0.0,2,2,1.0,0.0
000000000510,000000000510.jpg,blur,3,4.0,13.672292709350586,2.7845051288604736,3,2,2,0,1,0.6666666666666666,1.0,0.6666666666666666,0.0,2,2,1.0,0.0
000000000510,000000000510.jpg,noise,1,5.0,70.15001678466797,4061.57421875,3,2,2,0,1,0.6666666666666666,1.0,0.6666666666666666,0.0,2,2,1.0,0.0
000000000510,000000000510.jpg,noise,2,15.0,61.728485107421875,5630.10693359375,3,2,2,0,1,0.6666666666666666,1.0,0.6666666666666666,0.0,2,2,1.0,0.0
000000000510,000000000510.jpg,noise,3,30.0,51.94551086425781,10510.9609375,3,3,2,1,1,0.6666666666666666,0.6666666666666666,0.6666666666666666,0.0,2,2,1.0,0.0
000000000510,000000000510.jpg,occlusion,1,0.05,70.39937591552734,3729.24169921875,3,2,2,0,1,0.6666666666666666,1.0,0.6666666666666666,0.0,2,2,1.0,0.04980794270833333
000000000510,000000000510.jpg,occlusion,2,0.15,67.26512145996094,3270.569091796875,3,3,1,2,2,0.3333333333333333,0.3333333333333333,0.6666666666666666,0.3333333333333333,2,1,0.5,0.15015625
000000000510,000000000510.jpg,occlusion,3,0.3,63.442806243896484,2499.79541015625,3,2,0,2,3,0.0,0.0,0.6666666666666666,0.6666666666666666,2,0,0.0,0.300498046875
000000000092,000000000092.jpg,clean,0,0.0,65.97954559326172,421.9787902832031,2,3,2,1,0,1.0,0.6666666666666666,1.0,0.0,2,2,1.0,0.0
000000000092,000000000092.jpg,blur,1,1.0,51.864219665527344,31.26601219177246,2,3,2,1,0,1.0,0.6666666666666666,1.0,0.0,2,2,1.0,0.0
000000000092,000000000092.jpg,blur,2,2.0,34.96855163574219,5.838165760040283,2,3,2,1,0,1.0,0.6666666666666666,1.0,0.0,2,2,1.0,0.0
000000000092,000000000092.jpg,blur,3,4.0,23.66409683227539,2.1088993549346924,2,3,2,1,0,1.0,0.6666666666666666,1.0,0.0,2,2,1.0,0.0
000000000092,000000000092.jpg,noise,1,5.0,63.12868118286133,640.6232299804688,2,2,2,0,0,1.0,1.0,1.0,0.0,2,2,1.0,0.0
000000000092,000000000092.jpg,noise,2,15.0,48.08357238769531,2352.779052734375,2,2,2,0,0,1.0,1.0,1.0,0.0,2,2,1.0,0.0
000000000092,000000000092.jpg,noise,3,30.0,35.5546989440918,7840.17822265625,2,0,0,0,2,0.0,0.0,1.0,1.0,2,0,0.0,0.0
000000000092,000000000092.jpg,occlusion,1,0.05,66.78455352783203,440.27264404296875,2,3,2,1,0,1.0,0.6666666666666666,1.0,0.0,2,2,1.0,0.049710919203747074
000000000092,000000000092.jpg,occlusion,2,0.15,64.54277801513672,442.97686767578125,2,3,2,1,0,1.0,0.6666666666666666,1.0,0.0,2,2,1.0,0.14973653395784545
000000000092,000000000092.jpg,occlusion,3,0.3,62.03411102294922,422.99102783203125,2,3,2,1,0,1.0,0.6666666666666666,1.0,0.0,2,2,1.0,0.300548887587822
000000000605,000000000605.jpg,clean,0,0.0,77.32935333251953,4374.5146484375,4,8,4,4,0,1.0,0.5,1.0,0.0,4,4,1.0,0.0
000000000605,000000000605.jpg,blur,1,1.0,56.861793518066406,162.48805236816406,4,8,4,4,0,1.0,0.5,1.0,0.0,4,4,1.0,0.0
000000000605,000000000605.jpg,blur,2,2.0,35.08920669555664,16.043853759765625,4,6,3,3,1,0.75,0.5,1.0,0.25,4,3,0.75,0.0
000000000605,000000000605.jpg,blur,3,4.0,22.387868881225586,3.1272265911102295,4,5,2,3,2,0.5,0.4,1.0,0.5,4,2,0.5,0.0
000000000605,000000000605.jpg,noise,1,5.0,76.57514190673828,4566.77001953125,4,8,4,4,0,1.0,0.5,1.0,0.0,4,4,1.0,0.0
000000000605,000000000605.jpg,noise,2,15.0,64.14546966552734,6080.02880859375,4,8,4,4,0,1.0,0.5,1.0,0.0,4,4,1.0,0.0
000000000605,000000000605.jpg,noise,3,30.0,51.53990936279297,10766.8564453125,4,6,2,4,2,0.5,0.3333333333333333,1.0,0.5,4,2,0.5,0.0
000000000605,000000000605.jpg,occlusion,1,0.05,77.23677825927734,4215.49267578125,4,7,3,4,1,0.75,0.42857142857142855,1.0,0.25,4,3,0.75,0.04980794270833333
000000000605,000000000605.jpg,occlusion,2,0.15,76.89097595214844,4020.344482421875,4,10,3,7,1,0.75,0.3,1.0,0.25,4,3,0.75,0.15015625
000000000605,000000000605.jpg,occlusion,3,0.3,75.32476043701172,3633.59423828125,4,6,1,5,3,0.25,0.16666666666666666,1.0,0.75,4,1,0.25,0.300498046875
000000000164,000000000164.jpg,clean,0,0.0,72.935546875,969.7836303710938,40,11,6,5,34,0.15,0.5454545454545454,0.15,0.0,6,6,1.0,0.0
000000000164,000000000164.jpg,blur,1,1.0,38.49944305419922,49.307987213134766,40,12,6,6,34,0.15,0.5,0.15,0.0,6,5,0.8333333333333334,0.0
000000000164,000000000164.jpg,blur,2,2.0,19.488685607910156,6.421133041381836,40,6,3,3,37,0.075,0.5,0.15,0.075,6,3,0.5,0.0
000000000164,000000000164.jpg,blur,3,4.0,15.262773513793945,1.9518489837646484,40,2,1,1,39,0.025,0.5,0.15,0.125,6,1,0.16666666666666666,0.0
000000000164,000000000164.jpg,noise,1,5.0,65.9320068359375,1188.5706787109375,40,9,5,4,35,0.125,0.5555555555555556,0.15,0.024999999999999994,6,4,0.6666666666666666,0.0
000000000164,000000000164.jpg,noise,2,15.0,51.10211944580078,2881.1982421875,40,3,2,1,38,0.05,0.6666666666666666,0.15,0.09999999999999999,6,2,0.3333333333333333,0.0
000000000164,000000000164.jpg,noise,3,30.0,41.3049430847168,8391.7060546875,40,2,0,2,40,0.0,0.0,0.15,0.15,6,0,0.0,0.0
000000000164,000000000164.jpg,occlusion,1,0.05,73.31641387939453,827.9248657226562,40,8,4,4,36,0.1,0.5,0.15,0.04999999999999999,6,4,0.6666666666666666,0.04980794270833333
000000000164,000000000164.jpg,occlusion,2,0.15,71.27838897705078,627.5741577148438,40,11,7,4,33,0.175,0.6363636363636364,0.15,-0.024999999999999994,6,4,0.6666666666666666,0.15015625
000000000164,000000000164.jpg,occlusion,3,0.3,69.60741424560547,504.50421142578125,40,9,5,4,35,0.125,0.5555555555555556,0.15,0.024999999999999994,6,3,0.5,0.300498046875
000000000450,000000000450.jpg,clean,0,0.0,71.47866821289062,402.8543701171875,4,8,4,4,0,1.0,0.5,1.0,0.0,4,4,1.0,0.0
000000000450,000000000450.jpg,blur,1,1.0,59.60603713989258,24.264219284057617,4,6,4,2,0,1.0,0.6666666666666666,1.0,0.0,4,4,1.0,0.0
000000000450,000000000450.jpg,blur,2,2.0,39.44394302368164,4.576399803161621,4,4,4,0,0,1.0,1.0,1.0,0.0,4,4,1.0,0.0
000000000450,000000000450.jpg,blur,3,4.0,25.66655158996582,2.2744140625,4,3,3,0,1,0.75,1.0,1.0,0.25,4,3,0.75,0.0
000000000450,000000000450.jpg,noise,1,5.0,68.71996307373047,626.5725708007812,4,8,4,4,0,1.0,0.5,1.0,0.0,4,4,1.0,0.0
000000000450,000000000450.jpg,noise,2,15.0,57.73834228515625,2367.57861328125,4,3,3,0,1,0.75,1.0,1.0,0.25,4,3,0.75,0.0
000000000450,000000000450.jpg,noise,3,30.0,47.58766174316406,7964.091796875,4,1,0,1,4,0.0,0.0,1.0,1.0,4,0,0.0,0.0
000000000450,000000000450.jpg,occlusion,1,0.05,71.66887664794922,384.8173522949219,4,7,4,3,0,1.0,0.5714285714285714,1.0,0.0,4,4,1.0,0.04980794270833333
000000000450,000000000450.jpg,occlusion,2,0.15,69.88684844970703,307.8404541015625,4,9,4,5,0,1.0,0.4444444444444444,1.0,0.0,4,4,1.0,0.15015625
000000000450,000000000450.jpg,occlusion,3,0.3,67.2189712524414,241.01986694335938,4,11,4,7,0,1.0,0.36363636363636365,1.0,0.0,4,4,1.0,0.300498046875
000000000488,000000000488.jpg,clean,0,0.0,73.42374420166016,1976.505615234375,10,9,7,2,3,0.7,0.7777777777777778,0.7,0.0,7,7,1.0,0.0
000000000488,000000000488.jpg,blur,1,1.0,40.825889587402344,58.07561492919922,10,7,7,0,3,0.7,1.0,0.7,0.0,7,7,1.0,0.0
000000000488,000000000488.jpg,blur,2,2.0,18.793933868408203,5.567141532897949,10,5,5,0,5,0.5,1.0,0.7,0.19999999999999996,7,5,0.7142857142857143,0.0
000000000488,000000000488.jpg,blur,3,4.0,15.427414894104004,1.7472598552703857,10,7,4,3,6,0.4,0.5714285714285714,0.7,0.29999999999999993,7,4,0.5714285714285714,0.0
000000000488,000000000488.jpg,noise,1,5.0,72.13368225097656,2199.939453125,10,9,7,2,3,0.7,0.7777777777777778,0.7,0.0,7,7,1.0,0.0
000000000488,000000000488.jpg,noise,2,15.0,62.070762634277344,3931.841796875,10,8,6,2,4,0.6,0.75,0.7,0.09999999999999998,7,6,0.8571428571428571,0.0
000000000488,000000000488.jpg,noise,3,30.0,50.30323791503906,9301.337890625,10,6,5,1,5,0.5,0.8333333333333334,0.7,0.19999999999999996,7,5,0.7142857142857143,0.0
000000000488,000000000488.jpg,occlusion,1,0.05,72.70244598388672,1843.219482421875,10,9,7,2,3,0.7,0.7777777777777778,0.7,0.0,7,7,1.0,0.05008081896551724
000000000488,000000000488.jpg,occlusion,2,0.15,72.53063201904297,1744.218505859375,10,6,6,0,4,0.6,1.0,0.7,0.09999999999999998,7,6,0.8571428571428571,0.14984605911330048
000000000488,000000000488.jpg,occlusion,3,0.3,71.67745971679688,1505.9852294921875,10,6,6,0,4,0.6,1.0,0.7,0.09999999999999998,7,6,0.8571428571428571,0.29988454433497536
000000000564,000000000564.jpg,clean,0,0.0,52.00251770019531,1200.5660400390625,16,31,13,18,3,0.8125,0.41935483870967744,0.8125,0.0,13,13,1.0,0.0
000000000564,000000000564.jpg,blur,1,1.0,48.19219207763672,65.4977035522461,16,29,13,16,3,0.8125,0.4482758620689655,0.8125,0.0,13,13,1.0,0.0
000000000564,000000000564.jpg,blur,2,2.0,34.8203239440918,7.967818737030029,16,23,13,10,3,0.8125,0.5652173913043478,0.8125,0.0,13,13,1.0,0.0
000000000564,000000000564.jpg,blur,3,4.0,19.959020614624023,1.8664062023162842,16,2,2,0,14,0.125,1.0,0.8125,0.6875,13,2,0.15384615384615385,0.0
000000000564,000000000564.jpg,noise,1,5.0,51.1097526550293,1361.034912109375,16,31,14,17,2,0.875,0.45161290322580644,0.8125,-0.0625,13,13,1.0,0.0
000000000564,000000000564.jpg,noise,2,15.0,46.8247184753418,2567.783447265625,16,28,14,14,2,0.875,0.5,0.8125,-0.0625,13,13,1.0,0.0
000000000564,000000000564.jpg,noise,3,30.0,39.504676818847656,6169.193359375,16,23,13,10,3,0.8125,0.5652173913043478,0.8125,0.0,13,13,1.0,0.0
000000000564,000000000564.jpg,occlusion,1,0.05,52.69611358642578,1014.4619140625,16,31,8,23,8,0.5,0.25806451612903225,0.8125,0.3125,13,8,0.6153846153846154,0.04984375
000000000564,000000000564.jpg,occlusion,2,0.15,51.86030578613281,801.5537109375,16,24,5,19,11,0.3125,0.20833333333333334,0.8125,0.5,13,5,0.38461538461538464,0.14978365384615386
000000000564,000000000564.jpg,occlusion,3,0.3,48.66912078857422,600.4646606445312,16,15,5,10,11,0.3125,0.3333333333333333,0.8125,0.5,13,4,0.3076923076923077,0.3005859375
000000000650,000000000650.jpg,clean,0,0.0,73.22147369384766,638.912353515625,2,3,2,1,0,1.0,0.6666666666666666,1.0,0.0,2,2,1.0,0.0
000000000650,000000000650.jpg,blur,1,1.0,58.882835388183594,34.00437545776367,2,3,2,1,0,1.0,0.6666666666666666,1.0,0.0,2,2,1.0,0.0
000000000650,000000000650.jpg,blur,2,2.0,25.635704040527344,5.229142189025879,2,3,2,1,0,1.0,0.6666666666666666,1.0,0.0,2,2,1.0,0.0
000000000650,000000000650.jpg,blur,3,4.0,17.189199447631836,2.178278684616089,2,2,2,0,0,1.0,1.0,1.0,0.0,2,2,1.0,0.0
000000000650,000000000650.jpg,noise,1,5.0,70.86324310302734,862.6263427734375,2,2,1,1,1,0.5,0.5,1.0,0.5,2,1,0.5,0.0
000000000650,000000000650.jpg,noise,2,15.0,60.58580017089844,2628.998779296875,2,1,1,0,1,0.5,1.0,1.0,0.5,2,1,0.5,0.0
000000000650,000000000650.jpg,noise,3,30.0,46.883766174316406,8309.953125,2,1,1,0,1,0.5,1.0,1.0,0.5,2,1,0.5,0.0
000000000650,000000000650.jpg,occlusion,1,0.05,73.77555084228516,656.3441162109375,2,2,2,0,0,1.0,1.0,1.0,0.0,2,2,1.0,0.049710919203747074
000000000650,000000000650.jpg,occlusion,2,0.15,73.00507354736328,551.5285034179688,2,2,2,0,0,1.0,1.0,1.0,0.0,2,2,1.0,0.14973653395784545
000000000650,000000000650.jpg,occlusion,3,0.3,68.69705963134766,375.6817932128906,2,2,1,1,1,0.5,0.5,1.0,0.5,2,1,0.5,0.300548887587822
000000000415,000000000415.jpg,clean,0,0.0,58.6607666015625,354.1039733886719,2,3,2,1,0,1.0,0.6666666666666666,1.0,0.0,2,2,1.0,0.0
000000000415,000000000415.jpg,blur,1,1.0,48.13525390625,35.174991607666016,2,2,2,0,0,1.0,1.0,1.0,0.0,2,2,1.0,0.0
000000000415,000000000415.jpg,blur,2,2.0,28.54937171936035,5.49294900894165,2,2,2,0,0,1.0,1.0,1.0,0.0,2,2,1.0,0.0
000000000415,000000000415.jpg,blur,3,4.0,20.03223419189453,1.5213004350662231,2,3,2,1,0,1.0,0.6666666666666666,1.0,0.0,2,2,1.0,0.0
000000000415,000000000415.jpg,noise,1,5.0,53.62419891357422,582.3421020507812,2,3,2,1,0,1.0,0.6666666666666666,1.0,0.0,2,2,1.0,0.0
000000000415,000000000415.jpg,noise,2,15.0,47.414344787597656,2360.49365234375,2,2,2,0,0,1.0,1.0,1.0,0.0,2,2,1.0,0.0
000000000415,000000000415.jpg,noise,3,30.0,41.81266784667969,8125.43701171875,2,2,2,0,0,1.0,1.0,1.0,0.0,2,2,1.0,0.0
000000000415,000000000415.jpg,occlusion,1,0.05,58.86222457885742,345.2900390625,2,3,2,1,0,1.0,0.6666666666666666,1.0,0.0,2,2,1.0,0.04979108635097493
000000000415,000000000415.jpg,occlusion,2,0.15,59.46239471435547,335.4832763671875,2,3,2,1,0,1.0,0.6666666666666666,1.0,0.0,2,2,1.0,0.15003481894150417
000000000415,000000000415.jpg,occlusion,3,0.3,58.516700744628906,325.86468505859375,2,3,2,1,0,1.0,0.6666666666666666,1.0,0.0,2,2,1.0,0.3009531685236769
000000000142,000000000142.jpg,clean,0,0.0,55.740325927734375,181.87893676757812,4,7,3,4,1,0.75,0.42857142857142855,0.75,0.0,3,3,1.0,0.0
000000000142,000000000142.jpg,blur,1,1.0,48.39702224731445,25.48174476623535,4,7,3,4,1,0.75,0.42857142857142855,0.75,0.0,3,3,1.0,0.0
000000000142,000000000142.jpg,blur,2,2.0,33.58905029296875,5.98319673538208,4,7,3,4,1,0.75,0.42857142857142855,0.75,0.0,3,3,1.0,0.0
000000000142,000000000142.jpg,blur,3,4.0,20.988378524780273,2.254856824874878,4,4,0,4,4,0.0,0.0,0.75,0.75,3,0,0.0,0.0
000000000142,000000000142.jpg,noise,1,5.0,52.67189025878906,401.9980163574219,4,8,3,5,1,0.75,0.375,0.75,0.0,3,3,1.0,0.0
000000000142,000000000142.jpg,noise,2,15.0,39.69129943847656,2043.3681640625,4,7,0,7,4,0.0,0.0,0.75,0.75,3,0,0.0,0.0
000000000142,000000000142.jpg,noise,3,30.0,31.693347930908203,7055.830078125,4,5,0,5,4,0.0,0.0,0.75,0.75,3,0,0.0,0.0
000000000142,000000000142.jpg,occlusion,1,0.05,55.05018997192383,179.34840393066406,4,5,2,3,2,0.5,0.4,0.75,0.25,3,2,0.6666666666666666,0.04980794270833333
000000000142,000000000142.jpg,occlusion,2,0.15,54.89202880859375,171.65489196777344,4,5,0,5,4,0.0,0.0,0.75,0.75,3,0,0.0,0.15015625
000000000142,000000000142.jpg,occlusion,3,0.3,50.501163482666016,165.244140625,4,3,1,2,3,0.25,0.3333333333333333,0.75,0.5,3,1,0.3333333333333333,0.300498046875
000000000486,000000000486.jpg,clean,0,0.0,74.98554992675781,2347.549560546875,8,3,2,1,6,0.25,0.6666666666666666,0.25,0.0,2,2,1.0,0.0
000000000486,000000000486.jpg,blur,1,1.0,53.63420486450195,114.33258056640625,8,4,2,2,6,0.25,0.5,0.25,0.0,2,2,1.0,0.0
000000000486,000000000486.jpg,blur,2,2.0,23.01770782470703,13.194869995117188,8,4,1,3,7,0.125,0.25,0.25,0.125,2,1,0.5,0.0
000000000486,000000000486.jpg,blur,3,4.0,14.6558837890625,2.9159250259399414,8,2,1,1,7,0.125,0.5,0.25,0.125,2,1,0.5,0.0
000000000486,000000000486.jpg,noise,1,5.0,73.75679016113281,2557.644775390625,8,2,2,0,6,0.25,1.0,0.25,0.0,2,2,1.0,0.0
000000000486,000000000486.jpg,noise,2,15.0,61.99861526489258,4214.8232421875,8,1,1,0,7,0.125,1.0,0.25,0.125,2,1,0.5,0.0
000000000486,000000000486.jpg,noise,3,30.0,49.53915023803711,9458.638671875,8,2,1,1,7,0.125,0.5,0.25,0.125,2,1,0.5,0.0
000000000486,000000000486.jpg,occlusion,1,0.05,74.66849517822266,2174.302001953125,8,2,1,1,7,0.125,0.5,0.25,0.125,2,1,0.5,0.049710919203747074
000000000486,000000000486.jpg,occlusion,2,0.15,74.09275817871094,1975.6519775390625,8,1,1,0,7,0.125,1.0,0.25,0.125,2,1,0.5,0.14973653395784545
000000000486,000000000486.jpg,occlusion,3,0.3,69.91510009765625,1456.448974609375,8,1,0,1,8,0.0,0.0,0.25,0.25,2,0,0.0,0.300548887587822
000000000201,000000000201.jpg,clean,0,0.0,72.88375091552734,3301.349609375,8,7,6,1,2,0.75,0.8571428571428571,0.75,0.0,6,6,1.0,0.0
000000000201,000000000201.jpg,blur,1,1.0,42.179283142089844,130.2189178466797,8,4,4,0,4,0.5,1.0,0.75,0.25,6,3,0.5,0.0
000000000201,000000000201.jpg,blur,2,2.0,20.5743408203125,13.209097862243652,8,5,2,3,6,0.25,0.4,0.75,0.5,6,1,0.16666666666666666,0.0
000000000201,000000000201.jpg,blur,3,4.0,15.943822860717773,2.4818413257598877,8,2,0,2,8,0.0,0.0,0.75,0.75,6,0,0.0,0.0
000000000201,000000000201.jpg,noise,1,5.0,71.8754653930664,3500.743408203125,8,7,6,1,2,0.75,0.8571428571428571,0.75,0.0,6,6,1.0,0.0
000000000201,000000000201.jpg,noise,2,15.0,61.75083541870117,4929.2099609375,8,6,5,1,3,0.625,0.8333333333333334,0.75,0.125,6,4,0.6666666666666666,0.0
000000000201,000000000201.jpg,noise,3,30.0,53.95791244506836,8853.03125,8,5,2,3,6,0.25,0.4,0.75,0.5,6,2,0.3333333333333333,0.0
000000000201,000000000201.jpg,occlusion,1,0.05,73.24292755126953,3240.426513671875,8,7,6,1,2,0.75,0.8571428571428571,0.75,0.0,6,6,1.0,0.05011682242990654
000000000201,000000000201.jpg,occlusion,2,0.15,72.16484069824219,2933.003662109375,8,5,5,0,3,0.625,1.0,0.75,0.125,6,5,0.8333333333333334,0.15029205607476637
000000000201,000000000201.jpg,occlusion,3,0.3,69.8984375,2423.02001953125,8,6,4,2,4,0.5,0.6666666666666666,0.75,0.25,6,4,0.6666666666666666,0.29984667056074765
000000000110,000000000110.jpg,clean,0,0.0,73.26248931884766,714.0239868164062,24,17,13,4,11,0.5416666666666666,0.7647058823529411,0.5416666666666666,0.0,13,13,1.0,0.0
000000000110,000000000110.jpg,blur,1,1.0,57.621925354003906,55.61247253417969,24,14,11,3,13,0.4583333333333333,0.7857142857142857,0.5416666666666666,0.08333333333333331,13,11,0.8461538461538461,0.0
000000000110,000000000110.jpg,blur,2,2.0,25.227275848388672,9.476946830749512,24,11,8,3,16,0.3333333333333333,0.7272727272727273,0.5416666666666666,0.20833333333333331,13,8,0.6153846153846154,0.0
000000000110,000000000110.jpg,blur,3,4.0,21.232929229736328,2.8439908027648926,24,9,7,2,17,0.2916666666666667,0.7777777777777778,0.5416666666666666,0.24999999999999994,13,7,0.5384615384615384,0.0
000000000110,000000000110.jpg,noise,1,5.0,69.8365707397461,935.2092895507812,24,16,12,4,12,0.5,0.75,0.5416666666666666,0.04166666666666663,13,12,0.9230769230769231,0.0
000000000110,000000000110.jpg,noise,2,15.0,55.939422607421875,2588.2939453125,24,13,9,4,15,0.375,0.6923076923076923,0.5416666666666666,0.16666666666666663,13,9,0.6923076923076923,0.0
000000000110,000000000110.jpg,noise,3,30.0,45.2530517578125,7577.92431640625,24,7,5,2,19,0.20833333333333334,0.7142857142857143,0.5416666666666666,0.33333333333333326,13,5,0.38461538461538464,0.0
000000000110,000000000110.jpg,occlusion,1,0.05,73.0368423461914,712.21630859375,24,17,12,5,12,0.5,0.7058823529411765,0.5416666666666666,0.04166666666666663,13,12,0.9230769230769231,0.04980794270833333
000000000110,000000000110.jpg,occlusion,2,0.15,72.9967269897461,690.921142578125,24,15,12,3,12,0.5,0.8,0.5416666666666666,0.04166666666666663,13,12,0.9230769230769231,0.15015625
000000000110,000000000110.jpg,occlusion,3,0.3,71.16321563720703,614.8154907226562,24,16,10,6,14,0.4166666666666667,0.625,0.5416666666666666,0.12499999999999994,13,10,0.7692307692307693,0.300498046875
000000000370,000000000370.jpg,clean,0,0.0,71.48076629638672,169.0265350341797,2,3,2,1,0,1.0,0.6666666666666666,1.0,0.0,2,2,1.0,0.0
000000000370,000000000370.jpg,blur,1,1.0,62.66896438598633,18.680416107177734,2,3,2,1,0,1.0,0.6666666666666666,1.0,0.0,2,2,1.0,0.0
000000000370,000000000370.jpg,blur,2,2.0,35.79289627075195,5.052454471588135,2,3,2,1,0,1.0,0.6666666666666666,1.0,0.0,2,2,1.0,0.0
000000000370,000000000370.jpg,blur,3,4.0,16.89057731628418,2.345533847808838,2,3,2,1,0,1.0,0.6666666666666666,1.0,0.0,2,2,1.0,0.0
000000000370,000000000370.jpg,noise,1,5.0,71.03436279296875,391.07037353515625,2,3,2,1,0,1.0,0.6666666666666666,1.0,0.0,2,2,1.0,0.0
000000000370,000000000370.jpg,noise,2,15.0,61.690940856933594,2080.773193359375,2,3,2,1,0,1.0,0.6666666666666666,1.0,0.0,2,2,1.0,0.0
000000000370,000000000370.jpg,noise,3,30.0,49.177154541015625,7241.87158203125,2,2,2,0,0,1.0,1.0,1.0,0.0,2,2,1.0,0.0
000000000370,000000000370.jpg,occlusion,1,0.05,70.80480194091797,135.02328491210938,2,2,2,0,0,1.0,1.0,1.0,0.0,2,2,1.0,0.04980794270833333
000000000370,000000000370.jpg,occlusion,2,0.15,68.20843505859375,132.2889862060547,2,4,1,3,1,0.5,0.25,1.0,0.5,2,1,0.5,0.15015625
000000000370,000000000370.jpg,occlusion,3,0.3,63.07072448730469,109.30525970458984,2,3,1,2,1,0.5,0.3333333333333333,1.0,0.5,2,1,0.5,0.300498046875
000000000544,000000000544.jpg,clean,0,0.0,72.19999694824219,9576.419921875,16,9,9,0,7,0.5625,1.0,0.5625,0.0,9,9,1.0,0.0
000000000544,000000000544.jpg,blur,1,1.0,47.50983810424805,259.143310546875,16,11,11,0,5,0.6875,1.0,0.5625,-0.125,9,9,1.0,0.0
000000000544,000000000544.jpg,blur,2,2.0,19.88239288330078,17.37721061706543,16,9,9,0,7,0.5625,1.0,0.5625,0.0,9,8,0.8888888888888888,0.0
000000000544,000000000544.jpg,blur,3,4.0,15.259716033935547,2.810765504837036,16,8,6,2,10,0.375,0.75,0.5625,0.1875,9,6,0.6666666666666666,0.0
000000000544,000000000544.jpg,noise,1,5.0,70.9689712524414,9734.3837890625,16,10,10,0,6,0.625,1.0,0.5625,-0.0625,9,9,1.0,0.0
000000000544,000000000544.jpg,noise,2,15.0,59.86012649536133,11168.412109375,16,9,9,0,7,0.5625,1.0,0.5625,0.0,9,9,1.0,0.0
000000000544,000000000544.jpg,noise,3,30.0,50.88772964477539,15789.3505859375,16,7,7,0,9,0.4375,1.0,0.5625,0.125,9,7,0.7777777777777778,0.0
000000000544,000000000544.jpg,occlusion,1,0.05,70.52436828613281,9306.34765625,16,9,8,1,8,0.5,0.8888888888888888,0.5625,0.0625,9,8,0.8888888888888888,0.049710919203747074
000000000544,000000000544.jpg,occlusion,2,0.15,66.51371002197266,8845.4501953125,16,10,7,3,9,0.4375,0.7,0.5625,0.125,9,5,0.5555555555555556,0.14973653395784545
000000000544,000000000544.jpg,occlusion,3,0.3,62.383522033691406,7614.568359375,16,8,6,2,10,0.375,0.75,0.5625,0.1875,9,4,0.4444444444444444,0.300548887587822
000000000332,000000000332.jpg,clean,0,0.0,73.81161499023438,426.2336730957031,7,8,5,3,2,0.7142857142857143,0.625,0.7142857142857143,0.0,5,5,1.0,0.0
000000000332,000000000332.jpg,blur,1,1.0,57.312381744384766,28.76559829711914,7,8,5,3,2,0.7142857142857143,0.625,0.7142857142857143,0.0,5,5,1.0,0.0
000000000332,000000000332.jpg,blur,2,2.0,41.53123474121094,5.423424243927002,7,8,5,3,2,0.7142857142857143,0.625,0.7142857142857143,0.0,5,5,1.0,0.0
000000000332,000000000332.jpg,blur,3,4.0,25.060300827026367,2.3611197471618652,7,6,3,3,4,0.42857142857142855,0.5,0.7142857142857143,0.28571428571428575,5,3,0.6,0.0
000000000332,000000000332.jpg,noise,1,5.0,70.30354309082031,647.878173828125,7,7,4,3,3,0.5714285714285714,0.5714285714285714,0.7142857142857143,0.1428571428571429,5,4,0.8,0.0
000000000332,000000000332.jpg,noise,2,15.0,58.877769470214844,2402.12353515625,7,5,2,3,5,0.2857142857142857,0.4,0.7142857142857143,0.4285714285714286,5,2,0.4,0.0
000000000332,000000000332.jpg,noise,3,30.0,48.08014678955078,8149.79248046875,7,3,2,1,5,0.2857142857142857,0.6666666666666666,0.7142857142857143,0.4285714285714286,5,2,0.4,0.0
000000000332,000000000332.jpg,occlusion,1,0.05,73.0239486694336,365.0997619628906,7,9,4,5,3,0.5714285714285714,0.4444444444444444,0.7142857142857143,0.1428571428571429,5,4,0.8,0.04980794270833333
000000000332,000000000332.jpg,occlusion,2,0.15,72.1849594116211,283.7877197265625,7,11,3,8,4,0.42857142857142855,0.2727272727272727,0.7142857142857143,0.28571428571428575,5,3,0.6,0.15015625
000000000332,000000000332.jpg,occlusion,3,0.3,68.77156066894531,211.4692840576172,7,9,3,6,4,0.42857142857142855,0.3333333333333333,0.7142857142857143,0.28571428571428575,5,3,0.6,0.300498046875
000000000283,000000000283.jpg,clean,0,0.0,74.7140884399414,690.3020629882812,5,5,4,1,1,0.8,0.8,0.8,0.0,4,4,1.0,0.0
000000000283,000000000283.jpg,blur,1,1.0,54.95068359375,32.15156173706055,5,5,4,1,1,0.8,0.8,0.8,0.0,4,4,1.0,0.0
000000000283,000000000283.jpg,blur,2,2.0,28.763187408447266,5.322247505187988,5,5,4,1,1,0.8,0.8,0.8,0.0,4,4,1.0,0.0
000000000283,000000000283.jpg,blur,3,4.0,17.787464141845703,1.9401576519012451,5,2,2,0,3,0.4,1.0,0.8,0.4,4,2,0.5,0.0
000000000283,000000000283.jpg,noise,1,5.0,72.45028686523438,910.966064453125,5,3,3,0,2,0.6,1.0,0.8,0.20000000000000007,4,3,0.75,0.0
000000000283,000000000283.jpg,noise,2,15.0,64.40608978271484,2639.51904296875,5,3,3,0,2,0.6,1.0,0.8,0.20000000000000007,4,3,0.75,0.0
000000000283,000000000283.jpg,noise,3,30.0,55.85360336303711,8144.6572265625,5,2,2,0,3,0.4,1.0,0.8,0.4,4,2,0.5,0.0
000000000283,000000000283.jpg,occlusion,1,0.05,73.46176147460938,491.7353820800781,5,5,3,2,2,0.6,0.6,0.8,0.20000000000000007,4,3,0.75,0.05011682242990654
000000000283,000000000283.jpg,occlusion,2,0.15,65.5285873413086,249.58493041992188,5,4,1,3,4,0.2,0.25,0.8,0.6000000000000001,4,1,0.25,0.15029205607476637
000000000283,000000000283.jpg,occlusion,3,0.3,56.43915557861328,130.47125244140625,5,1,0,1,5,0.0,0.0,0.8,0.8,4,0,0.0,0.29984667056074765
000000000474,000000000474.jpg,clean,0,0.0,76.64888763427734,2199.688232421875,2,2,2,0,0,1.0,1.0,1.0,0.0,2,2,1.0,0.0
000000000474,000000000474.jpg,blur,1,1.0,56.70766830444336,68.00939178466797,2,2,2,0,0,1.0,1.0,1.0,0.0,2,2,1.0,0.0
000000000474,000000000474.jpg,blur,2,2.0,23.80181884765625,7.11279296875,2,2,2,0,0,1.0,1.0,1.0,0.0,2,2,1.0,0.0
000000000474,000000000474.jpg,blur,3,4.0,14.896753311157227,2.263183116912842,2,2,2,0,0,1.0,1.0,1.0,0.0,2,2,1.0,0.0
000000000474,000000000474.jpg,noise,1,5.0,74.9847183227539,2419.031005859375,2,2,2,0,0,1.0,1.0,1.0,0.0,2,2,1.0,0.0
000000000474,000000000474.jpg,noise,2,15.0,62.389251708984375,4133.50146484375,2,2,2,0,0,1.0,1.0,1.0,0.0,2,2,1.0,0.0
000000000474,000000000474.jpg,noise,3,30.0,46.744747161865234,9746.7265625,2,1,1,0,1,0.5,1.0,1.0,0.5,2,1,0.5,0.0
000000000474,000000000474.jpg,occlusion,1,0.05,76.15384674072266,2166.358642578125,2,2,2,0,0,1.0,1.0,1.0,0.0,2,2,1.0,0.049777777777777775
000000000474,000000000474.jpg,occlusion,2,0.15,74.60327911376953,2037.7044677734375,2,5,1,4,1,0.5,0.2,1.0,0.5,2,1,0.5,0.15030630630630631
000000000474,000000000474.jpg,occlusion,3,0.3,71.2016830444336,1842.1473388671875,2,4,0,4,2,0.0,0.0,1.0,1.0,2,0,0.0,0.2995075075075075
000000000540,000000000540.jpg,clean,0,0.0,72.67388916015625,4293.61181640625,20,1,1,0,19,0.05,1.0,0.05,0.0,1,1,1.0,0.0
000000000540,000000000540.jpg,blur,1,1.0,44.843833923339844,149.30703735351562,20,1,1,0,19,0.05,1.0,0.05,0.0,1,1,1.0,0.0
000000000540,000000000540.jpg,blur,2,2.0,20.250560760498047,12.851073265075684,20,1,1,0,19,0.05,1.0,0.05,0.0,1,1,1.0,0.0
000000000540,000000000540.jpg,blur,3,4.0,15.970916748046875,2.606477975845337,20,0,0,0,20,0.0,0.0,0.05,0.05,1,0,0.0,0.0
000000000540,000000000540.jpg,noise,1,5.0,70.58409881591797,4512.791015625,20,1,1,0,19,0.05,1.0,0.05,0.0,1,1,1.0,0.0
000000000540,000000000540.jpg,noise,2,15.0,55.6942138671875,6229.69140625,20,1,1,0,19,0.05,1.0,0.05,0.0,1,1,1.0,0.0
000000000540,000000000540.jpg,noise,3,30.0,48.386348724365234,11770.3447265625,20,1,1,0,19,0.05,1.0,0.05,0.0,1,1,1.0,0.0
000000000540,000000000540.jpg,occlusion,1,0.05,73.2011947631836,4099.8828125,20,1,1,0,19,0.05,1.0,0.05,0.0,1,1,1.0,0.04994485294117647
000000000540,000000000540.jpg,occlusion,2,0.15,69.33097076416016,3694.27685546875,20,1,0,1,20,0.0,0.0,0.05,0.05,1,0,0.0,0.15044117647058824
000000000540,000000000540.jpg,occlusion,3,0.3,66.56572723388672,2945.15283203125,20,1,0,1,20,0.0,0.0,0.05,0.05,1,0,0.0,0.3006727941176471
000000000061,000000000061.jpg,clean,0,0.0,67.13753509521484,17860.771484375,5,3,3,0,2,0.6,1.0,0.6,0.0,3,3,1.0,0.0
000000000061,000000000061.jpg,blur,1,1.0,41.89453125,417.0793151855469,5,2,1,1,4,0.2,0.5,0.6,0.39999999999999997,3,1,0.3333333333333333,0.0
000000000061,000000000061.jpg,blur,2,2.0,18.713653564453125,29.265850067138672,5,1,1,0,4,0.2,1.0,0.6,0.39999999999999997,3,1,0.3333333333333333,0.0
000000000061,000000000061.jpg,blur,3,4.0,14.623052597045898,3.7895236015319824,5,1,0,1,5,0.0,0.0,0.6,0.6,3,0,0.0,0.0
000000000061,000000000061.jpg,noise,1,5.0,65.92730712890625,17997.658203125,5,3,3,0,2,0.6,1.0,0.6,0.0,3,3,1.0,0.0
000000000061,000000000061.jpg,noise,2,15.0,59.177886962890625,19292.689453125,5,2,1,1,4,0.2,0.5,0.6,0.39999999999999997,3,1,0.3333333333333333,0.0
000000000061,000000000061.jpg,noise,3,30.0,55.773773193359375,23429.736328125,5,1,0,1,5,0.0,0.0,0.6,0.6,3,0,0.0,0.0
000000000061,000000000061.jpg,occlusion,1,0.05,64.43798065185547,16942.349609375,5,3,3,0,2,0.6,1.0,0.6,0.0,3,3,1.0,0.04990714651639344
000000000061,000000000061.jpg,occlusion,2,0.15,62.421142578125,15192.0283203125,5,3,0,3,5,0.0,0.0,0.6,0.6,3,0,0.0,0.1500768442622951
000000000061,000000000061.jpg,occlusion,3,0.3,60.21698760986328,12802.3310546875,5,0,0,0,5,0.0,0.0,0.6,0.6,3,0,0.0,0.3000672387295082
000000000443,000000000443.jpg,clean,0,0.0,72.2543716430664,223.57106018066406,6,4,4,0,2,0.6666666666666666,1.0,0.6666666666666666,0.0,4,4,1.0,0.0
000000000443,000000000443.jpg,blur,1,1.0,51.59992218017578,17.456562042236328,6,4,4,0,2,0.6666666666666666,1.0,0.6666666666666666,0.0,4,4,1.0,0.0
000000000443,000000000443.jpg,blur,2,2.0,25.579818725585938,3.983346462249756,6,5,4,1,2,0.6666666666666666,0.8,0.6666666666666666,0.0,4,4,1.0,0.0
000000000443,000000000443.jpg,blur,3,4.0,15.591890335083008,2.0258984565734863,6,1,1,0,5,0.16666666666666666,1.0,0.6666666666666666,0.5,4,1,0.25,0.0
000000000443,000000000443.jpg,noise,1,5.0,64.34667205810547,449.7728271484375,6,3,3,0,3,0.5,1.0,0.6666666666666666,0.16666666666666663,4,3,0.75,0.0
000000000443,000000000443.jpg,noise,2,15.0,45.5953369140625,2192.965087890625,6,3,3,0,3,0.5,1.0,0.6666666666666666,0.16666666666666663,4,3,0.75,0.0
000000000443,000000000443.jpg,noise,3,30.0,31.14191246032715,7585.48095703125,6,2,1,1,5,0.16666666666666666,0.5,0.6666666666666666,0.5,4,1,0.25,0.0
000000000443,000000000443.jpg,occlusion,1,0.05,71.56598663330078,217.10696411132812,6,3,3,0,3,0.5,1.0,0.6666666666666666,0.16666666666666663,4,3,0.75,0.04980794270833333
000000000443,000000000443.jpg,occlusion,2,0.15,65.38811492919922,186.73574829101562,6,3,3,0,3,0.5,1.0,0.6666666666666666,0.16666666666666663,4,3,0.75,0.15015625
000000000443,000000000443.jpg,occlusion,3,0.3,62.217315673828125,139.5012969970703,6,4,3,1,3,0.5,0.75,0.6666666666666666,0.16666666666666663,4,2,0.5,0.300498046875
000000000042,000000000042.jpg,clean,0,0.0,62.66737747192383,519.2413940429688,1,1,1,0,0,1.0,1.0,1.0,0.0,1,1,1.0,0.0
000000000042,000000000042.jpg,blur,1,1.0,50.14320373535156,73.1259536743164,1,1,1,0,0,1.0,1.0,1.0,0.0,1,1,1.0,0.0
000000000042,000000000042.jpg,blur,2,2.0,33.47221755981445,11.709309577941895,1,1,1,0,0,1.0,1.0,1.0,0.0,1,1,1.0,0.0
000000000042,000000000042.jpg,blur,3,4.0,17.351762771606445,2.8057596683502197,1,2,0,2,1,0.0,0.0,1.0,1.0,1,0,0.0,0.0
000000000042,000000000042.jpg,noise,1,5.0,59.56620407104492,735.4046020507812,1,2,1,1,0,1.0,0.5,1.0,0.0,1,1,1.0,0.0
000000000042,000000000042.jpg,noise,2,15.0,46.71686553955078,2373.423583984375,1,2,1,1,0,1.0,0.5,1.0,0.0,1,1,1.0,0.0
000000000042,000000000042.jpg,noise,3,30.0,38.11129379272461,7443.45361328125,1,2,0,2,1,0.0,0.0,1.0,1.0,1,0,0.0,0.0
000000000042,000000000042.jpg,occlusion,1,0.05,62.07773971557617,514.6019897460938,1,2,1,1,0,1.0,0.5,1.0,0.0,1,1,1.0,0.05001634414225942
000000000042,000000000042.jpg,occlusion,2,0.15,57.78578186035156,496.02447509765625,1,1,1,0,0,1.0,1.0,1.0,0.0,1,1,1.0,0.14997384937238495
000000000042,000000000042.jpg,occlusion,3,0.3,55.13013458251953,431.679443359375,1,3,1,2,0,1.0,0.3333333333333333,1.0,0.0,1,1,1.0,0.3006080020920502
000000000138,000000000138.jpg,clean,0,0.0,75.64762115478516,3199.45654296875,7,6,5,1,2,0.7142857142857143,0.8333333333333334,0.7142857142857143,0.0,5,5,1.0,0.0
000000000138,000000000138.jpg,blur,1,1.0,55.59897994995117,136.8724822998047,7,8,5,3,2,0.7142857142857143,0.625,0.7142857142857143,0.0,5,5,1.0,0.0
000000000138,000000000138.jpg,blur,2,2.0,23.61305809020996,14.039338111877441,7,6,4,2,3,0.5714285714285714,0.6666666666666666,0.7142857142857143,0.1428571428571429,5,4,0.8,0.0
000000000138,000000000138.jpg,blur,3,4.0,14.827653884887695,2.821389675140381,7,3,3,0,4,0.42857142857142855,1.0,0.7142857142857143,0.28571428571428575,5,3,0.6,0.0
000000000138,000000000138.jpg,noise,1,5.0,71.68006134033203,3413.012939453125,7,6,5,1,2,0.7142857142857143,0.8333333333333334,0.7142857142857143,0.0,5,5,1.0,0.0
000000000138,000000000138.jpg,noise,2,15.0,57.55328369140625,5070.32275390625,7,5,3,2,4,0.42857142857142855,0.6,0.7142857142857143,0.28571428571428575,5,3,0.6,0.0
000000000138,000000000138.jpg,noise,3,30.0,49.857032775878906,10268.9072265625,7,2,1,1,6,0.14285714285714285,0.5,0.7142857142857143,0.5714285714285714,5,1,0.2,0.0
000000000138,000000000138.jpg,occlusion,1,0.05,75.79673767089844,2943.67578125,7,7,5,2,2,0.7142857142857143,0.7142857142857143,0.7142857142857143,0.0,5,5,1.0,0.04991273996509599
000000000138,000000000138.jpg,occlusion,2,0.15,76.01868438720703,2740.310302734375,7,5,4,1,3,0.5714285714285714,0.8,0.7142857142857143,0.1428571428571429,5,4,0.8,0.15013089005235603
000000000138,000000000138.jpg,occlusion,3,0.3,73.94391632080078,2392.87060546875,7,6,3,3,4,0.42857142857142855,0.5,0.7142857142857143,0.28571428571428575,5,3,0.6,0.3005399214659686
000000000431,000000000431.jpg,clean,0,0.0,67.23713684082031,660.4177856445312,3,2,2,0,1,0.6666666666666666,1.0,0.6666666666666666,0.0,2,2,1.0,0.0
000000000431,000000000431.jpg,blur,1,1.0,44.53749084472656,39.753517150878906,3,2,2,0,1,0.6666666666666666,1.0,0.6666666666666666,0.0,2,2,1.0,0.0
000000000431,000000000431.jpg,blur,2,2.0,20.84404182434082,6.065906047821045,3,3,3,0,0,1.0,1.0,0.6666666666666666,-0.33333333333333337,2,2,1.0,0.0
000000000431,000000000431.jpg,blur,3,4.0,15.865662574768066,2.034600019454956,3,3,2,1,1,0.6666666666666666,0.6666666666666666,0.6666666666666666,0.0,2,2,1.0,0.0
000000000431,000000000431.jpg,noise,1,5.0,64.8667984008789,883.4777221679688,3,2,2,0,1,0.6666666666666666,1.0,0.6666666666666666,0.0,2,2,1.0,0.0
000000000431,000000000431.jpg,noise,2,15.0,57.482513427734375,2643.8310546875,3,2,2,0,1,0.6666666666666666,1.0,0.6666666666666666,0.0,2,2,1.0,0.0
000000000431,000000000431.jpg,noise,3,30.0,46.9099006652832,8343.3876953125,3,2,2,0,1,0.6666666666666666,1.0,0.6666666666666666,0.0,2,2,1.0,0.0
000000000431,000000000431.jpg,occlusion,1,0.05,66.6873550415039,600.4979248046875,3,2,2,0,1,0.6666666666666666,1.0,0.6666666666666666,0.0,2,2,1.0,0.049971883033419026
000000000431,000000000431.jpg,occlusion,2,0.15,64.57312774658203,499.74591064453125,3,2,1,1,2,0.3333333333333333,0.5,0.6666666666666666,0.3333333333333333,2,1,0.5,0.1504177377892031
000000000431,000000000431.jpg,occlusion,3,0.3,62.07078552246094,360.6687927246094,3,2,0,2,3,0.0,0.0,0.6666666666666666,0.6666666666666666,2,0,0.0,0.3003012532133676
000000000584,000000000584.jpg,clean,0,0.0,72.03353118896484,502.1651916503906,14,9,8,1,6,0.5714285714285714,0.8888888888888888,0.5714285714285714,0.0,8,8,1.0,0.0
000000000584,000000000584.jpg,blur,1,1.0,57.51734161376953,36.20391082763672,14,8,7,1,7,0.5,0.875,0.5714285714285714,0.0714285714285714,8,7,0.875,0.0
000000000584,000000000584.jpg,blur,2,2.0,37.66953659057617,8.092832565307617,14,9,8,1,6,0.5714285714285714,0.8888888888888888,0.5714285714285714,0.0,8,8,1.0,0.0
000000000584,000000000584.jpg,blur,3,4.0,18.892215728759766,2.9101598262786865,14,7,5,2,9,0.35714285714285715,0.7142857142857143,0.5714285714285714,0.21428571428571425,8,5,0.625,0.0
000000000584,000000000584.jpg,noise,1,5.0,69.19132995605469,714.710693359375,14,10,8,2,6,0.5714285714285714,0.8,0.5714285714285714,0.0,8,8,1.0,0.0
000000000584,000000000584.jpg,noise,2,15.0,59.03392791748047,2334.036865234375,14,11,7,4,7,0.5,0.6363636363636364,0.5714285714285714,0.0714285714285714,8,7,0.875,0.0
000000000584,000000000584.jpg,noise,3,30.0,45.61384963989258,7237.51318359375,14,9,6,3,8,0.42857142857142855,0.6666666666666666,0.5714285714285714,0.14285714285714285,8,6,0.75,0.0
000000000584,000000000584.jpg,occlusion,1,0.05,71.80184173583984,514.2501220703125,14,9,8,1,6,0.5714285714285714,0.8888888888888888,0.5714285714285714,0.0,8,8,1.0,0.049827611502347414
000000000584,000000000584.jpg,occlusion,2,0.15,70.1672134399414,509.92816162109375,14,12,8,4,6,0.5714285714285714,0.6666666666666666,0.5714285714285714,0.0,8,7,0.875,0.1500880281690141
000000000584,000000000584.jpg,occlusion,3,0.3,69.11509704589844,394.2073669433594,14,11,7,4,7,0.5,0.6363636363636364,0.5714285714285714,0.0714285714285714,8,7,0.875,0.2999669894366197
