corruption,severity,n_images,musiq_mean,sharpness_mean,macro_recall,macro_precision,recall_drop_mean,retention_macro,tp,fp,n_gt,clean_tp,retained_tp,micro_recall,micro_precision,retention_micro
blur,1,50,50.42031711578369,82.98012027740478,0.688497002997003,0.8187353585112206,0.012545954045954044,0.9510458839406207,202,73,411,208,192,0.49148418491484186,0.7345454545454545,0.9230769230769231
blur,2,50,27.01004077911377,8.994428791999816,0.6323415310180016,0.7878133453644962,0.06870142602495544,0.8429501317396054,168,66,411,208,162,0.40875912408759124,0.717948717948718,0.7788461538461539
blur,3,50,17.682830905914308,2.3405026876926422,0.41720796850208614,0.64815873015873,0.2838349885408709,0.5509764796606902,102,41,411,208,100,0.24817518248175183,0.7132867132867133,0.4807692307692308
clean,0,50,69.95763542175293,2395.019315490723,0.701042957042957,0.8044938979063496,0.0,1.0,208,83,411,208,208,0.5060827250608273,0.7147766323024055,1.0
noise,1,50,67.45634521484375,2605.086797485352,0.6826793206793207,0.8194593864916446,0.018363636363636363,0.9617422402159244,204,78,411,208,199,0.49635036496350365,0.723404255319149,0.9567307692307693
noise,2,50,56.685372009277344,4237.394155273438,0.59846648939296,0.8151012043512044,0.10257646764999706,0.8126176659597713,167,56,411,208,163,0.40632603406326034,0.7488789237668162,0.7836538461538461
noise,3,50,46.45361568450928,9330.932724609374,0.39493395819866406,0.6440900621118013,0.30610899884429293,0.5551242208084314,113,52,411,208,112,0.2749391727493917,0.6848484848484848,0.5384615384615384
occlusion,1,50,69.68817710876465,2270.3951974487304,0.6496706626706628,0.775600671203138,0.051372294372294375,0.9129388214125056,191,86,411,208,187,0.46472019464720193,0.6895306859205776,0.8990384615384616
occlusion,2,50,68.08529960632325,2012.1868231201172,0.51224603827545,0.5958326118326118,0.188796918767507,0.6872440717177559,155,128,411,208,145,0.3771289537712895,0.5477031802120141,0.6971153846153846
occlusion,3,50,65.49916580200195,1630.7290315246582,0.39878580732992497,0.4408299916457811,0.302257149713032,0.5090935993830731,120,121,411,208,110,0.291970802919708,0.4979253112033195,0.5288461538461539
